title,created_utc,upvote_ratio,num_comments,author_karma,author_age_days,final_score
I asked my friend if he got his raise. He sent this.,2024-08-24 17:26:54,0.91,1324,28462,90,145465
My ‚ÄúGoing Away‚Äù cake from my last day at work at an IT company.,2024-10-26 19:35:24,0.97,279,9473,27,127505
Not again,2024-10-17 19:09:00,0.93,508,62568,36,119962
10 years ago today‚Ä¶,2024-10-05 03:42:28,0.9,1209,125207,48,119178
my husband left this in my camera roll for me,2024-10-29 21:49:05,0.93,625,82855,24,113886
The cat was pretending all along,2024-09-22 13:53:17,0.92,675,466215,61,113610
Carved the scariest pumpkin I could think of ,2024-10-26 10:58:22,0.93,887,319643,27,105602
Had to watch my 10 year old brother for the weekend but dorm was 18+ only‚Ä¶.,2024-11-10 21:14:59,0.93,790,17779,12,103487
Pulling yourself over,2024-09-13 20:00:25,0.92,1528,67226,70,102250
hiding spot,2024-09-19 03:31:38,0.96,411,20461,64,100516
"My coworker dropped a part on his foot and broke a toe, I got him a care package ",2024-09-11 11:06:18,0.93,1070,9418,72,98269
My roommate started Vtubing as puppet and I walked by to see thisüíÄ,2024-04-27 22:31:21,0.9,1599,61513,209,96939
How to roast.,2024-07-07 18:45:37,0.9,1083,70870,138,95732
"I bought a bra, didn't notice this till I checked it at home.. ",2024-11-03 11:33:26,0.88,1608,18325,19,94936
He's been waiting for this moment all his life.,2024-10-06 08:30:09,0.81,1179,400126,47,94559
This photo my kid‚Äôs daycare sent us of him helping them bake a cake. ,2024-09-24 10:19:52,0.95,733,35446,59,93158
Verizon sales rep told me to show up hours early if I wanted to get the new iPhone on Day 1. This is 15 minutes before they opened. ,2024-09-21 08:20:10,0.88,4294,53468,62,90351
"Left for 10 minutes, 6 year old cousin decided to help ",2024-11-04 00:19:15,0.91,1187,25794,19,89972
You are Gay!,2024-09-02 11:29:31,0.92,1024,14727,81,88232
Elephant pretends to eat this guys hat,2024-09-07 20:18:18,0.94,923,73894,76,84032
Beans - this Fake Commercial (i made 10 years ago) is still the best idea i've had since 10 years :-),2024-08-27 06:56:37,0.87,1158,20113,87,82671
Daughter is only a reflection of the father,2024-10-07 08:25:04,0.92,649,22349,46,82063
Guy pranked his mom by using a video on TV as an announcement that aliens had invaded Earth.,2024-06-19 12:14:28,0.79,5921,441559,156,81557
My school photo that's going in the yearbook,2024-09-25 13:31:20,0.78,3737,145674,58,80796
How to repair this?,2024-11-11 06:50:34,0.86,15627,26425,11,80781
I finally saw my first cybertruck!,2024-09-17 14:18:07,0.87,604,13390,66,79800
"Raccoon broke into my brother's garage, ate a ton of snacks, and in the process became so fat he got stuck under a bureau",2024-07-11 01:11:45,0.96,1601,53908,134,79416
The M-Word,2024-10-02 11:03:11,0.9,2053,182314,51,78837
Imagine your dad gets his revenge.,2024-10-26 08:28:35,0.81,2213,237611,27,78733
Bar sign in Japan,2024-10-13 22:15:12,0.96,379,22765,40,77855
Uber eats needed proof he didn‚Äôt get his food,2024-01-20 05:03:12,0.94,935,455586,307,77806
I‚Äôm the middle child,2024-05-11 22:19:10,0.9,1266,172823,195,77656
Tis the season!,2024-09-30 18:36:02,0.91,467,139577,53,76906
Typical day for a woodcarver,2024-11-05 12:52:46,0.93,714,2691770,17,75802
"My goodness, the earth is flat",2024-09-11 13:52:38,0.91,880,14955,72,75254
Cable management in Bangladesh,2024-11-12 12:22:54,0.95,3033,30593,10,75261
The cutest criminal there is,2024-10-23 06:10:34,0.96,270,42212,30,75228
Timing,2024-07-27 16:54:24,0.93,426,133753,118,75003
Instagram boyfriend,2024-11-02 18:01:22,0.84,616,5871225,20,74747
One time I got drunk in a hooters and the staff gave me an outfit ,2024-02-23 09:27:32,0.9,1361,0,273,74052
As seen in the elevator at work this morning lol ,2024-10-23 08:10:08,0.97,395,31998,30,73316
They're loving it,2024-11-17 22:18:03,0.96,487,278697,5,73596
This was submitted as craft in the state fair.  Should have won 1st,2024-08-18 18:55:30,0.87,1084,102138,96,72908
This treat feels like a trick,2024-10-31 18:13:56,0.92,786,690511,22,72429
This clip just became 17 years old,2024-08-18 05:41:55,0.9,727,15014,96,71927
Woke up at midnight to go to the bathroom and saw this horror show. ,2024-09-21 15:28:31,0.95,475,10933,62,71789
Carbonara Under Pressure,2024-07-22 06:27:40,0.79,1788,237611,123,71617
99% of AI companies,2024-08-29 12:04:54,0.94,677,0,85,71091
How To Get Into a Cinema For Free ,2024-07-15 15:10:22,0.84,1050,270719,130,70798
My wife‚Äôs attempt at cutting brownies last night after a few drinks,2024-08-24 12:20:33,0.91,2780,12621,90,70628
"One of my co-workers' house was ""rocked"" last night. He ran out of his house to chase the kids that did it but they fled, leaving their scooter behind. This is what he did with the scooter this morning.",2024-09-20 07:03:46,0.93,1897,50510,63,70213
My friends made sure I didn‚Äôt leave last night from the Halloween party. ,2024-10-27 09:06:21,0.87,1901,42294,26,70212
"Had the best combo in Cards Against Humanity, and no one laughed‚Ä¶.",2024-06-09 21:10:34,0.84,1681,8074,166,70079
I‚Äôm going to hell ü§£,2024-08-16 07:00:49,0.89,626,7587,98,69320
my favorite video so far this year,2024-01-11 12:22:41,0.95,630,63345,316,69217
Dress As Your Spouse Party,2024-04-29 17:00:50,0.83,1618,270719,207,68839
How you treat your sister vs other women ,2024-10-03 12:25:34,0.77,1489,75824,50,68655
Catch me if you can ,2024-09-26 09:55:23,0.97,416,1579531,57,68656
My wife thought I was asleep and came out of the bathroom looking like this.,2024-03-16 00:52:43,0.92,2254,15537,252,68593
I love mimes!,2024-10-14 13:00:50,0.9,498,11829,39,67576
Eyes up here,2024-11-09 11:00:35,0.92,1103,24378,13,66936
"Whale takes a shit at sea world San Antonio, crowd gets splashed immediately after ",2024-10-19 18:42:05,0.89,2852,8658,34,66842
Get your tickets to hell right here‚Ä¶,2024-03-20 10:05:45,0.8,1606,0,247,66695
Salute to the heroes ü´°ü´°,2024-09-28 04:47:00,0.82,729,40827,55,66455
Dog goes missing day before to show up 22 hours later at 4am.,2024-10-02 00:08:55,0.93,734,455586,52,66443
"My wife always dreamed of a convertible, now she finally bought it. First ride:",2024-10-30 05:43:53,0.87,1972,118326,23,66281
What is this? Greek tragedy?,2024-08-26 19:35:36,0.9,341,62539,88,66032
"Religion, but sponsored by Red Bull.  ",2024-04-02 11:04:15,0.9,928,332366,234,65840
MJ realizing they are taking his photo whenever he moves,2024-03-01 04:46:20,0.95,1331,341375,266,65424
I asked my boss if we could pose with (some) of our prop money at the end of the day; he insisted we use ALL of it,2024-04-06 08:01:54,0.95,1084,99941,230,64820
"Olympic swimming cap stuck in pool? No worries, we got a guy üèä‚Äç‚ôÇÔ∏è ",2024-07-28 15:18:21,0.93,1374,111495,117,64112
My husband gave me his xenomorph action figure. I dressed it up and named it ‚ÄòPookie.‚Äô,2024-09-09 09:45:17,0.95,800,69732,74,63757
"Intellectual superior, I'm sure.",2024-09-09 02:53:59,0.95,192,7352,74,63689
My pot is haunted by the ghosts of pastas past.,2024-05-02 16:08:12,0.97,454,104357,204,63628
Marvel announces they've found the next Black Panther,2024-07-29 18:35:18,0.87,647,33704,116,63513
Happens to the best of us! ,2024-10-25 00:40:15,0.96,519,7826,29,63311
Wrong turn,2024-10-09 21:53:30,0.97,422,36247,44,63266
Perp vs. SWAT Robot that went down earlier Today,2024-09-18 18:55:17,0.93,2844,79869,65,63069
"The store manager gave some food to an exhausted bird, and soon after the place was filled with bird Hollywoods",2024-08-11 06:00:08,0.95,951,245172,103,62250
Youtuber finds out about a major event for the first time.,2024-03-12 17:05:24,0.79,3070,50646,255,62250
Japanese Fighters Face off,2024-06-02 15:16:12,0.93,1189,220642,173,62116
My man used Pickpocket and sneak attack. Natural born Rogue. ,2024-07-01 07:27:41,0.92,2091,332366,144,62003
Efficient af.,2024-09-15 20:48:37,0.93,1455,107575,68,61899
A hero!,2024-04-02 20:36:44,0.91,1288,119833,234,61863
0% Luck,2024-11-01 08:21:45,0.9,1379,15809,21,61485
"London, UK",2024-01-14 12:27:12,0.74,2632,615476,313,61129
Sacha Baron Cohen was absolutely wild doing this üòÖ,2023-12-02 08:22:20,0.87,686,251839,356,60941
That control is godly,2024-11-03 17:53:02,0.88,503,39583,19,60496
Iron Man was funny,2024-08-18 07:48:59,0.88,1226,41172,96,60353
Lovely,2024-07-05 06:13:20,0.91,439,0,140,59504
"One of my wife‚Äôs birthday gifts. I opened the bj one first and was like, ‚Äúno way I got two!‚Äù üòÇ ",2024-10-21 09:18:15,0.8,2456,30838,32,59136
How I used to stop my wife regifting my fine wine,2024-06-03 05:18:26,0.82,1088,14124,172,59084
Most Aggressive Dog Breeds,2024-10-19 06:02:06,0.69,240,16925,34,58932
mom vs gf,2024-06-01 10:16:46,0.92,678,31084,174,58113
Kevin Hart high as hell watching tennis,2024-09-05 00:16:24,0.92,782,7806,79,58094
Little guy got his own seat,2024-03-18 17:26:31,0.91,2101,8620,249,57789
I run a professional gardening service and the Customer asked us to cut this climber here. I left my labourer to do it and this is what I came back to. ,2024-09-30 13:32:54,0.9,2704,8459,53,57541
Another Christmas as the last unmarried in my family,2023-12-25 23:52:54,0.87,2560,38445,333,57530
Busted my our 8 yo,2024-04-12 21:44:50,0.79,2497,7221,224,57449
My friends' wife got some gifts for her husband after his vasectomy,2024-05-17 11:37:45,0.72,1499,34880,189,57104
My coworker was asked to cut the cake today at work.,2024-01-28 23:11:07,0.91,3501,20332,299,56927
Great warning sign,2024-10-04 09:02:43,0.91,350,9074,49,56548
Father's shame from beyond the grave,2024-06-16 14:52:19,0.9,541,58427,159,56544
The first time I actually laughed out loud at a bumper sticker during my morning commute ,2024-09-25 15:30:17,0.95,576,7438,58,56476
I guess it‚Äôs time to have ‚Äúthe talk‚Äù with our 9 year old.,2024-05-27 13:41:00,0.91,2658,13287,179,56451
The Age of Downey has begun,2024-07-30 13:22:07,0.89,844,106076,115,56274
"I put the words of Lil' Jon's ""Get Low"" to the tune of Holly Jolly Christmas",2023-12-14 08:54:46,0.93,1464,274446,344,55993
"Just pretend to be asleep, and no one will suspect.",2024-10-11 15:28:38,0.95,501,1692077,42,55913
By far the best impression that I've ever seen. üòÇ,2024-07-20 16:46:44,0.9,366,18513,125,55969
[OC] Skip intro,2024-11-06 07:32:32,0.95,220,423032,16,55795
High School Teacher Ban List,2024-10-21 19:56:58,0.88,6526,7820,32,55693
Only high speed employees allowed!,2024-04-22 08:02:55,0.96,989,35665,214,55527
My best friend sent me a picture of something weird on his elbow that he wanted me to look at. My best friend is blind. ,2024-09-13 13:00:04,0.9,545,178019,70,55322
Mike Tyson runs into a man he robbed as a teenager. ,2024-11-10 11:33:23,0.94,944,266969,12,55269
Tried to take a cute picture of a couple enjoying a romantic evening ,2024-09-05 07:00:02,0.95,611,55996,78,55119
I know a guy,2024-07-14 18:02:33,0.94,435,103928,131,54568
"The students are struggling with math, so we are helping them with an easy-to-understand sign.",2024-09-06 13:02:16,0.92,1936,30142,77,54497
The True Alpha Pet‚Ä¶‚Ä¶‚Ä¶.,2024-10-02 21:47:39,0.85,1509,80288,51,53755
Getting hit on by black women,2024-04-16 09:54:45,0.85,1768,39600,220,53323
Joker asking the real questions ,2024-03-16 13:50:01,0.93,1097,0,251,53163
Both of our kids wanted to be something scary,2024-11-01 17:51:35,0.9,196,7378,21,53078
Caught them red handed ,2024-03-24 21:18:49,0.81,1129,33307,243,52969
Halloween is coming,2024-09-28 09:28:49,0.97,164,33736,55,52794
Got my new CostCo card! Wife told me to look ‚Äúas deranged as possible‚Äù‚Ä¶ I think I did alright,2024-07-31 15:21:59,0.93,1877,30604,114,52755
My daughter lost the phone in the store and the Manager asked me to make a call to identify myself,2024-07-11 10:03:57,0.91,864,7835,134,52337
Chipotle Revenge Arc,2024-05-18 09:05:00,0.89,1007,81351,188,52222
Spending 21 years to master your cooking skills to finally compete with your mom.,2024-06-04 01:01:01,0.94,596,441559,171,52219
It was inevitable.,2024-08-16 15:49:20,0.86,364,41124,98,52003
Neighbors put up Halloween decor that looks suspiciously similar to me and my wife...,2024-10-26 14:44:23,0.87,757,121420,27,51884
Bring a big spoon ,2024-10-27 11:45:58,0.92,554,90168,26,51875
The moment everyone realized the baby pooped in mom's hand,2024-09-23 23:53:29,0.91,520,60120,60,51373
Fake horse trying to mingle with real horses,2024-11-06 19:27:35,0.96,773,4822039,16,51343
history channel,2024-11-04 09:54:00,0.96,592,41131,18,51098
ask and ye shall receive,2024-06-26 22:21:34,0.9,2512,97428,149,51082
This pool service truck in front of me yesterday,2024-09-27 08:55:08,0.96,177,153698,56,50937
[OC] keep away,2024-11-13 09:42:02,0.96,72,423032,9,50897
My son didn‚Äôt approve of the class Valentines cards I picked so he ‚Äúfixed‚Äù them,2024-02-13 18:31:00,0.87,1521,23823,283,50716
Learned his lesson ,2024-05-24 12:01:20,0.92,1365,13349,182,50665
Indian TV series never disappoints üòÇ,2024-07-14 09:54:25,0.89,725,76840,131,50537
Patience Pays Off,2024-10-20 11:13:28,0.95,168,69641,33,50469
[OC] Karaoke,2024-09-29 05:29:52,0.94,193,423032,54,50099
My sisters 3rd grade essay about internet safety is the most unhinged thing I‚Äôve ever read. ,2024-04-13 02:01:31,0.88,2233,10130,223,49734
My 3 year old did this in daycare and says it's me. Should I be worried? ,2024-11-10 07:16:49,0.89,4275,16482,12,49415
Being a robber in Spain is easy,2023-12-15 19:16:03,0.95,923,156997,343,49395
Best friend turns 25 tomorrow getting her present ready,2024-04-09 09:07:06,0.9,569,46299,227,49350
Men witnessed barbaric attack on cake ,2024-11-17 07:53:06,0.92,1230,69373,5,49317
proud silly royalty,2024-09-28 17:56:06,0.93,221,22349,55,49179
Banner for a coworker whose last day is today üíî,2024-03-15 10:33:26,0.94,348,0,0,48844
appeal,2024-10-06 21:13:37,0.96,132,831466,47,48620
My husband is waiting in line to do a drug screen for work.,2024-07-09 12:58:20,0.92,1091,20931,136,48616
LMBO Had me Rollin,2024-10-03 19:50:03,0.93,486,10088,50,48591
My man got laughed at by a seagull!,2024-11-12 01:06:51,0.98,170,105833,10,48556
My 5yo daughter was a Costco sample lady for Halloween. It was HILARIOUS!,2024-11-09 17:25:51,0.91,360,39628,13,48540
This Malaysian restaurant has had enough,2023-12-31 06:34:35,0.85,990,22213,327,48222
"So, Pixar shared this image. I don't know how to feel about it..",2024-03-25 22:59:49,0.93,697,83186,242,48194
My future son looks like a south park character,2023-11-27 18:33:08,0.92,688,7335,361,48154
Good wish indeed,2024-08-29 15:04:40,0.93,247,41016,85,48074
"""went on my first vacation with this girl and I passed out on the zipline and she posted it and ain't been answering my calls am I cooked?""",2024-06-27 14:45:26,0.9,1302,8414,148,47709
Every hotel bar ever,2024-04-22 13:15:57,0.9,776,806551,214,47628
Chomp is his middle name,2024-07-26 02:47:32,0.94,349,192554,119,47622
Jealousy,2024-09-08 15:26:35,0.92,253,12536,75,47526
Asked my 14 year old what she wanted written on her birthday cake...,2024-04-07 09:17:19,0.91,1195,12313,229,47359
F#%$ Microsoft,2024-07-19 08:53:03,0.89,1520,75290,126,47144
"""Free puns!"" Is wild üòÇüòÇüòÇ",2024-10-14 17:41:18,0.95,434,28734,39,47142
My husband and I getting pranked by the kids in the neighborhood...we couldn't get the car out of the driveway ü§£,2024-01-17 13:56:32,0.93,917,16723,310,46524
Straight women problems.. ,2024-03-25 06:42:32,0.68,917,200634,242,46392
The greatest email I‚Äôve ever received ,2024-10-16 21:29:08,0.94,1316,7607,37,46299
My son threw this shark toy on the roof a few years ago. It recently blew down.,2024-08-20 13:31:07,0.94,1328,7944,94,46213
He wasn't prepared,2024-03-31 08:07:31,0.89,1009,210580,236,46170
Well Chess is funny sometimes ,2024-04-09 03:47:16,0.92,1027,9249,227,46158
I think this guy wins Halloween. Cruising down the road at 50 miles an hour,2024-10-28 21:03:01,0.95,343,30629,25,46020
One Strawberry Per Child Please,2024-11-02 17:00:49,0.92,596,293623,20,45695
This was the jacket my wife just wore to help coach a youth swim meet.,2024-10-15 22:33:43,0.94,365,10980,38,45663
She saved him from her ü§£,2024-09-12 12:59:47,0.78,993,21402,71,45378
Look at my picture ,2024-10-12 12:35:09,0.92,195,23308,41,45304
Intense police chase,2024-05-14 11:16:38,0.93,4319,37012,192,45271
He took that personally,2024-09-27 20:20:46,0.96,150,9528,56,45123
before & after covering the painting,2024-08-22 12:42:38,0.97,134,81504,92,45091
That TV felt the breeze ,2024-11-09 07:44:52,0.92,1038,23405,13,45076
Shabani the Silverback teasing his son to initiate play-fighting,2024-03-23 18:35:06,0.96,1058,2235861,244,44838
Devs forgot to remove test discount codes in prod,2024-07-03 06:51:48,0.92,1112,7159,142,44641
One day a year I get to wear this,2024-07-04 14:00:20,0.87,59,29090,141,44636
"I turned 30 today, but I have been contemplating life ever since I can remember.",2024-06-11 07:07:58,0.89,1507,19234,164,44503
My uplifting post,2024-01-20 14:38:46,0.96,449,239348,307,44394
How to win in Battleship ,2023-11-29 14:27:27,0.98,155,0,359,44254
Netflix froze at 99% but I am fine about it. ,2024-11-16 06:58:36,0.72,1218,59743,6,44001
Bro‚Äôs Favourite color is red,2024-01-12 21:06:59,0.87,1677,0,315,43964
Lunch in Australia,2024-05-08 05:49:48,0.94,3063,753490,198,43890
The year is 1620,2024-09-23 04:36:46,0.97,139,7832,60,43735
He tried though,2024-05-30 03:47:56,0.76,2108,142782,176,43711
It's never too late in life to find out you have an archenemies. ,2024-05-06 05:54:43,0.9,1000,332366,200,43574
"Two days ago, I hid 100 rubber ducks for my wife to find. So far, she‚Äôs found 96",2024-04-03 17:28:42,0.9,842,94330,233,43496
Local Indian place casually roasting my choice of dinner,2023-12-23 06:20:11,0.93,2302,25004,335,43296
Good Method to take a seat from anyone ,2024-01-12 00:25:22,0.87,403,16192,316,43219
I'm a disabled college student who just graduated....I can't decide if my parents are hilarious or horrible human beings. ü§£,2024-05-12 21:32:25,0.93,873,10879,194,43187
Chinese pad advertisements caught me off guard.,2024-04-13 12:00:41,0.92,504,102140,223,43124
Chile vs Argentina,2024-01-30 11:51:11,0.96,258,26384,297,42851
Cats and personal space ,2024-09-11 04:15:25,0.98,120,322614,72,42642
"My son, having a meltdown at his baptism.",2024-07-15 09:02:44,0.76,1883,11425,130,42626
"If you pull it backwards till it clicks, then let go, it will go really fast!",2024-06-11 16:20:17,0.94,1024,455586,164,42595
It's one of the greatest pranks ever pulled! ,2024-11-02 04:05:13,0.93,333,105833,20,42541
Taking 'catfishing' to a whole new level,2024-07-25 10:52:34,0.92,221,19755,120,42511
We should get a watchdog for security,2024-02-18 20:04:27,0.95,341,0,0,42255
Tipping in 2023,2023-12-18 07:36:17,0.88,1729,0,0,42221
Sibling confession ,2024-01-26 08:31:54,0.94,469,67239,301,42104
"Well, didn‚Äôt expect any different.",2024-11-06 12:24:32,0.94,1527,7344,16,42036
Five stars at least‚Ä¶that was nice of her.,2024-08-05 18:41:58,0.93,578,8246,109,41969
Figured out what the Tesla Cybertruck reminds me of,2024-10-25 13:03:19,0.91,263,126133,28,41832
Men are simple creatures ! ,2024-04-18 16:51:11,0.78,1006,11432,218,41733
Maskitto trap,2024-11-07 12:23:32,0.89,290,15158,15,41633
Hero dad ,2024-08-25 15:58:19,0.87,400,12404,89,41598
This billboard is pretty famous in our town for the things it says.,2024-09-24 15:16:26,0.96,206,27300,59,41581
Let me adjust this table,2024-11-12 14:38:12,0.97,167,11331,10,41526
He actually said that...üò∂,2024-07-18 08:24:38,0.91,1703,594980,127,41456
The best kind of prank,2024-04-26 06:47:40,0.93,404,136702,210,41419
There is no such thing as luck. Everything is destined üòÜ,2024-09-13 12:27:40,0.91,469,10706,70,41406
Take time to enjoy every bite,2024-11-02 08:33:07,0.84,2107,12957150,20,41393
She had the entire crowd on their feet within 1 minute of her stand up.,2024-06-05 01:55:50,0.89,539,441559,170,41339
I can't find a flaw in his logic,2024-09-09 20:52:04,0.85,744,11593,74,41343
Too much technology üíÄ,2023-12-25 08:13:41,0.92,315,113237,333,41235
Cars in winter wonderland ,2024-01-18 15:43:42,0.93,2988,335298,309,41191
"A little Welcome Back gift for my Italian manager, returning after taking a year's leave.",2024-06-11 02:52:57,0.95,587,49452,164,41174
Neg Gen Workout ,2024-09-01 10:16:06,0.94,130,14727,82,41006
The empire squats back ,2024-11-19 15:31:35,0.97,84,279951,3,41730
Finally saw the new Cybertruck in person,2023-12-27 19:55:24,0.92,424,14018,331,40742
3 professional soccer players vs 100 children in Japan,2024-02-10 03:21:35,0.91,911,517035,286,40721
"""Despite my name, I come in peace."" This Will Smith has jokes!",2024-09-16 18:48:34,0.95,252,111971,67,40666
First Class Problems,2024-08-15 01:35:47,0.88,957,80310,99,40632
I ordered ‚Äú20 replacement PS2 cases‚Äù from eBay UK. This is what I received:,2024-05-10 13:21:59,0.93,976,16430,196,40444
Sound recognition during sexy time üíÄ I‚Äôm embarrassed,2024-02-27 14:15:09,0.85,1238,13388,269,40337
"Finish Thanksgiving first, then we'll talk",2024-11-18 03:33:41,0.87,660,9754,4,40604
[OC] Fair question,2024-11-20 06:50:14,0.95,237,423032,2,40857
There is always one.,2024-07-17 16:00:12,0.93,609,0,0,40117
Tutorial: How to irritate enemy in a game,2024-03-22 23:23:08,0.84,919,150888,245,39929
The pause is killing me üíÄüò≠,2023-12-09 19:08:59,0.92,602,0,0,39823
Don‚Äôt eat your sandwich outdoors,2024-10-11 05:07:33,0.88,1882,0,0,39720
The Street Knows Her Name,2024-09-14 15:12:29,0.84,1555,270719,69,39663
Morning boost before work,2024-10-12 15:59:00,0.94,226,7667,41,39660
Audience member couldn‚Äôt help herself :) ,2024-02-15 09:52:55,0.81,673,40360,281,39621
Work out,2024-08-26 18:26:46,0.97,107,7439,88,39593
Can‚Äôt run away from your problems,2023-11-29 02:16:03,0.97,741,1692079,359,39548
"""NO""",2024-09-29 12:55:22,0.86,2106,21673,54,39460
I am a Woman ,2024-01-06 11:08:27,0.87,889,11082,321,39417
This 'dog paw cleaner' at Aldi uk for 1.99,2024-10-28 14:08:34,0.88,2888,6863,25,39167
"I don‚Äôt know why I‚Äôm here, but I know I must build",2023-11-26 19:58:21,0.94,885,603608,362,39118
dog takes  a water break mid argument,2024-11-10 11:13:09,0.97,152,81504,12,39072
"He just had the most legit ""pls kill me"" face I've seen so far",2023-12-16 08:00:40,0.87,1715,220582,342,38863
Olympic flag raised upside down at the paris olympics,2024-07-26 18:24:47,0.94,1191,20754,119,38797
My Mom packs meatballs like they're cocaine.,2024-03-01 18:30:49,0.94,491,15675,266,38766
I want my MTV,2024-06-15 01:30:11,0.94,892,7163,160,38641
Cena trying not to break his character ,2024-08-17 00:57:07,0.93,543,56585,98,38568
That 360 was super necessary,2024-10-23 14:48:54,0.97,295,1283222,30,38528
"We did the ""paint your partner"" date night...",2024-07-21 09:48:48,0.9,716,42211,124,38437
Help me find my missing wife,2024-03-26 21:39:30,0.87,1060,8920,241,38426
Safety First,2024-04-24 13:37:45,0.9,656,43865,212,38385
Try it now,2024-04-04 21:22:59,0.9,369,576301,232,38312
The Olympics are here‚Ä¶you all had 4 years to practice those sailing skills‚Ä¶.,2024-07-27 10:19:52,0.93,1295,23358,118,38300
How to make a Linkin Park song in 60 seconds,2024-02-02 12:12:43,0.9,1312,23519,294,38213
"""So that's the Grand Canyon, huh?""",2024-01-25 15:09:25,0.92,783,462906,302,38162
basic term of our aggrement,2024-01-25 08:30:26,0.7,2327,200634,302,38156
My friend works at a bakery this is actually something she had to write on a cake,2024-07-30 15:26:31,0.84,1158,58130,115,38137
The broth needs to be replaced,2024-08-18 15:01:32,0.92,340,21633,96,38052
The plastic surgeon had a 50% off discount,2024-03-22 20:06:08,0.74,2161,19430,245,37971
"Chances that a cow steals your shoes are slim, but never zero",2024-02-20 10:22:48,0.93,543,47494,276,37914
The light coming through these holes at the right time,2024-09-10 09:11:55,0.95,247,18916,73,37861
that f microsoft is personal,2024-01-23 07:40:04,0.95,1271,183096,304,37785
DEAL,2024-10-07 07:58:14,0.93,547,340999,46,37756
You had one job,2024-05-26 09:06:25,0.93,356,51752,180,37665
i officially give up,2024-08-11 08:40:14,0.94,969,35588,103,37661
baby‚Äôs face says it all ,2024-05-19 07:17:17,0.94,424,20991,187,37609
This is not fake. He really has that haircut.,2024-01-22 09:24:30,0.93,4505,36428,305,37506
My little sister had to move in with our parents for a month,2024-07-13 03:19:15,0.88,1477,6899,132,37486
That plot twist in the middle ü§£ü§£,2024-05-06 11:19:34,0.9,909,70595,200,37243
He's dead,2024-04-04 22:13:46,0.94,474,576301,232,37152
Those Old School FIFA moves. ,2024-06-25 06:18:03,0.9,305,332366,150,37064
The speed at which the bear came barreling towards that swing tells me he‚Äôs done this before.,2024-10-27 19:02:41,0.96,441,1283223,26,37018
Man sees bottles crash. Man happy.,2023-12-21 02:31:10,0.88,752,57708,337,36868
Mr. Uekusa getting in shape!,2024-04-17 23:11:02,0.89,418,576301,219,36805
Twins call out Batman,2024-03-10 21:06:37,0.94,857,24525,257,36656
Dog's reaction to feedback on him from doggy daycare,2024-02-12 12:52:30,0.82,496,92595,284,36654
"Sir,this is a marker ",2024-01-01 08:34:50,0.89,689,239348,326,36446
"Wife says the lobster is happy, I see the lobster as sad",2024-10-29 17:20:50,0.91,2246,138881,24,36415
Lil bro said I'll show you how is done ,2024-09-03 14:09:31,0.95,605,266596,80,36426
Saving up,2024-11-09 13:20:54,0.96,64,18421,13,36343
What's your body count?,2024-04-01 19:14:33,0.87,853,39846,235,36299
Comedian destroys a whole channel for messing up his clip,2023-12-16 09:42:30,0.93,744,547064,342,36250
11 years of chasing my wife with a lobster,2024-04-15 08:20:48,0.79,1772,116089,221,36214
A Korean man shows his before & after marriage photos,2024-05-18 11:37:23,0.91,693,190752,188,36204
AI is the future,2024-09-18 08:55:36,0.94,449,7557,65,36166
Last Top Model,2024-08-22 22:55:01,0.97,338,19765,92,36154
You have goat to be kidding me @_@,2024-04-02 08:19:40,0.91,616,48051,234,36064
Stealthy magpie pretends not to follow the cat,2024-02-15 21:47:59,0.97,717,31702,281,36052
"Welp, she‚Äôs boned",2024-10-11 13:30:44,0.85,538,10210,42,35947
What would you name him?,2024-01-24 15:47:29,0.86,32322,206505,303,35934
Dear drink companies...,2024-07-10 08:25:42,0.9,2206,125811,135,35715
What idiot canceled this?,2024-03-14 21:18:13,0.94,941,69637,253,35677
The real shooter ,2024-08-03 14:02:46,0.85,456,19815,111,35589
money well spent lol ,2024-10-06 15:02:24,0.93,865,6949,47,35577
"Someone bet me I couldn't animate a character ""walking"" up stairs. They were right, I cant.  :(",2024-05-21 13:17:16,0.89,457,23803,185,35522
My wife went in for a mammogram today and this is in the lobby,2024-09-25 08:49:30,0.92,536,8692,58,35485
Dog discovers vision,2024-03-10 07:39:29,0.92,637,39740,257,35446
Today somebody learned a lesson ,2024-10-22 15:57:11,0.85,632,19295,31,35446
You can see he is dead inside but accepted defeat with honor ,2023-12-05 14:28:43,0.89,514,0,353,35408
Please..ü•π,2024-04-01 06:57:21,0.94,222,43442,235,35397
Never should have come here,2024-04-10 10:08:16,0.86,541,9297,226,35353
Superbowl Jesus,2024-02-14 05:53:46,0.89,1090,1015359,282,35306
"My buddy drew a dick on my back in sharpie while we were at a hotel in mexico, this is what i woke up to.",2024-06-08 19:21:10,0.88,665,0,0,35189
I photoshopped myself as my own awkward family for my Holiday Card (Yes every person is me),2023-12-15 13:28:54,0.89,662,15732,343,35092
"Every time I go to put my ankle on my knee to put on shoes, this happens...",2024-10-25 20:59:54,0.97,156,6801,28,35093
She also needs vacation,2024-10-30 14:04:41,0.94,112,237611,23,35014
"""It's mine meow""",2024-01-04 18:22:48,0.95,370,421185,323,34918
Cooking with a cow‚Äôs help,2024-06-23 15:08:55,0.88,1159,0,152,34899
I just took a photo of my receding hairline yesterday and my reaction was same! ,2024-05-16 11:15:56,0.91,1559,275538,190,34893
The only Invisible Man everyone hates in their life,2024-04-08 07:37:13,0.87,907,0,228,34870
It‚Äôs the same all around the world.,2024-06-19 11:06:28,0.81,1670,172823,156,34855
Italian or Jewish? ,2024-08-15 08:27:42,0.83,1507,50297,99,34802
Milo and his fireplace ,2024-09-17 19:33:21,0.94,385,433034,66,34749
Sounds legit. ,2024-04-30 14:39:22,0.81,723,23883,206,34687
There will always be someone stronger than you.,2024-01-02 06:20:13,0.89,337,113237,325,34656
Why do I sweat like this?,2024-01-01 18:58:25,0.91,1339,9628,326,34556
Just Guys Being Boys,2024-10-29 05:24:03,0.96,260,18500,24,34434
Dude seriously struggled to keep a straight face üòÇ,2024-01-19 03:35:56,0.85,660,163068,308,34481
"Someone asked the boss if we were going to have cake for Halloween, he disappeared and came back with this.",2024-10-30 11:38:53,0.95,260,74211,23,34526
life hacks 101,2024-10-29 19:00:22,0.94,378,81504,24,34394
Today Someone Learns a Lesson ,2024-09-08 08:15:48,0.74,755,18502,75,34306
Grandpa got a chair lift today.,2024-04-14 21:09:59,0.88,1771,9202,222,34285
Funny wholesome senior citizens,2023-12-24 05:44:17,0.94,464,17114,334,34285
Asked for my bagel to be cut in half,2024-08-23 18:45:05,0.9,1785,43986,91,34247
Audience Member asks comedian if he's ever said the ‚ÄúN‚Äù word,2024-07-16 08:38:42,0.9,1387,99650,129,34210
That's Impossible!,2024-03-03 05:53:02,0.95,237,1015361,264,34148
The front fell off?,2024-09-18 02:56:38,0.92,1267,17755,65,34038
Local attorneys review,2024-06-06 19:11:53,0.96,314,6733,169,33947
Construction worker makes a puddle look deceptively deep,2024-10-11 22:45:24,0.96,148,73894,42,33828
Mr Jenkins did not want to go next!,2024-08-08 10:24:02,0.94,2015,230465,106,33662
May Godzilla destroy this home last ,2024-09-21 03:47:55,0.98,96,246174,62,33606
License plate checks out,2023-12-26 13:06:18,0.93,784,6668,332,33593
20%,2024-05-15 19:27:59,0.93,501,802714,191,33408
No one got my costume :(,2024-10-31 14:32:42,0.87,1776,7052,22,33391
My dog begging for pizza not even 20 minutes after waking up from anesthesia.,2024-02-26 16:53:25,0.94,467,97839,270,33383
They definitely thought that its one of themüòÇ,2024-10-04 10:17:33,0.96,293,19840,49,33335
don't make eye contact on an elevator,2024-05-06 18:25:48,0.9,525,0,200,33101
Glad to see they‚Äôre still friends,2024-07-23 19:55:09,0.9,139,6801,122,33062
Good thing the game is balanced now. ,2024-10-28 23:42:08,0.97,170,175896,25,32720
That kid is a legend,2024-08-20 14:12:24,0.92,548,1692079,94,32730
To get away with speeding ,2024-07-29 19:14:22,0.93,213,28158,116,32719
Motion Capture Walk,2024-02-24 10:44:47,0.87,576,13436,272,32532
My friend bought a jar of peanut butter from CVS,2024-10-09 10:44:15,0.92,676,187057,44,32271
How real couples sleep together.,2024-01-21 06:16:02,0.87,581,344376,306,32264
Please leave family dollar aloneüôè ,2024-10-11 20:28:55,0.92,661,465574,42,32229
Dudes playing fruit machine on king's day,2024-04-29 13:42:47,0.94,354,0,207,32201
The struggle of finding clothes for plus size women ,2024-02-01 15:15:42,0.79,130,1251581,295,32149
Laura The Explora - IMBM,2024-05-18 19:22:57,0.85,663,152982,188,32127
older guys... ,2024-01-26 06:39:43,0.75,1801,200634,301,32108
The aftermath of me using my new water pik for the first time today. ,2024-09-20 13:17:10,0.9,905,13396,63,32024
My family friends Cow fell through their egress window into the basement.,2024-03-28 13:03:00,0.95,716,49280,239,32008
Her: I bet he's out cheating... Me and the boys:,2024-05-24 07:53:55,0.94,287,161778,182,31960
Shadow has it all,2023-12-05 09:11:57,0.85,795,0,353,31876
Police post photos of criminal suspects with LEGO heads over their faces to comply with new privacy laws,2024-03-21 10:02:12,0.9,850,0,0,31798
This how you walk on the sand so you don‚Äôt alert the worms,2024-03-02 10:57:50,0.76,804,43865,265,31787
"In my opinion, this is the single funniest joke in TV history",2024-01-20 22:49:51,0.85,854,189309,307,31723
Flew 6000 miles to surprise my dad,2024-08-21 20:07:15,0.96,186,20444,93,31714
Where it was,2024-08-02 15:01:07,0.85,1205,6470,112,31694
Behold the cruel checklist my doctor gave me to help identify my specific flavor of OCD. It had room for improvement.,2024-11-07 15:13:35,0.77,2096,7552,15,31630
The reason why Facebook and Instagram were down,2024-03-06 08:33:11,0.91,457,0,0,31614
The potatoes are a hit on Halloween. We had to replenish the bowl.,2024-10-31 18:55:14,0.97,906,21255,22,31597
It‚Äôs getting serious,2024-09-24 04:39:16,0.98,68,32858,59,31539
Batman a GOAT for this üòÇ,2023-12-29 10:39:48,0.92,824,615476,329,31513
Just started working from home. My 7yo is brutal.,2024-02-07 14:50:38,0.89,1404,26597,289,31474
Don‚Äôt watch Dune 2 in the front row at IMAX,2024-03-17 03:42:06,0.93,986,6813,250,31470
Grandma was complaining that her Bandaids won't stay put,2024-07-02 16:26:10,0.95,921,55585,143,31456
"Today's the day, this dogs got to go",2024-11-13 06:32:35,0.97,164,11156,9,31418
"It is Scientifically Proven... ""Everyone Hates the Science Fair""",2024-09-17 17:14:38,0.96,395,0,0,31380
best time to vacuum the grass is at night. ,2024-06-07 21:31:04,0.93,645,226392,168,31366
Daily life of a nurse,2024-07-28 17:08:56,0.9,591,237611,117,31317
Deep ,2024-08-04 14:17:35,0.87,1223,29934,110,31183
Questions: Answered. What else you got?,2024-06-15 21:16:49,0.91,359,81673,160,31111
How cultural is that?,2024-11-03 08:17:24,0.83,6745,64417,19,31107
"My mom bought new curtains, it supposed to be a pattern of leaves, I see something else...",2024-10-07 07:38:13,0.94,2666,7084,46,30881
He made the day of the whole store!,2023-12-03 02:34:29,0.87,292,220582,355,30877
"somebody in my workplace keeps messing with me by printing ""king of Canada"" picture this and taping it to my desk (Canadian living overseas).  Today I opened a package shipped directly from Canada to my workplace, guess what was inside.  How can I retaliate?  ",2024-11-04 11:26:41,0.95,1833,7226,18,30798
Jack Black covers Hit Me Baby,2024-02-29 12:21:23,0.89,1289,12104,267,30796
"Jim Carrey‚Äôs improvised kiss request in Me, Myself & Irene",2024-02-10 18:32:37,0.94,873,804750,286,30781
A bumper sticker has never resonated with me more,2024-02-22 13:22:12,0.92,323,229049,274,30775
Simple travel hack (save hundreds on flights),2024-01-31 07:39:32,0.87,464,21361,296,30735
"[OC] work smarter, not harder",2024-02-04 08:02:08,0.92,209,423032,292,30702
I watched this like 10times ,2024-01-12 10:26:10,0.89,514,9913,315,30643
The French pole vaulter Anthony Ammirati is disqualified for knocking down the bar with his penis.,2024-08-03 10:09:00,0.89,2298,87188,111,30531
Toddler terrorist organization‚Ä¶,2024-01-30 15:48:28,0.9,674,455586,297,30533
Japanese ad,2024-04-24 03:37:40,0.93,341,220642,212,30344
50-50,2024-09-04 16:31:31,0.89,1312,26991,79,30296
The hardest question in the world,2024-05-29 10:32:01,0.87,1956,34468,177,30241
That's a perfect way to stop an abuser. ,2024-10-24 08:16:06,0.93,559,46525,29,30228
Just a locked door in Thailand ,2024-10-03 14:59:53,0.96,224,18950,50,30110
Must be something in the water.,2024-10-16 06:56:45,0.92,503,487549,37,30041
"This man participated in a competition where contestants had to tell a funny story ""only by actions"" and without speaking. So he demonstrated this story. Btw he won...",2024-02-23 00:53:33,0.94,268,28646,274,30005
Took me a second‚Ä¶,2024-03-12 16:17:45,0.95,1288,0,255,29982
Bros before hoes ,2024-04-04 05:59:18,0.93,216,210580,232,29937
The service is good but the waiter seems in a bit of a hurry,2024-06-22 04:36:28,0.95,461,248930,153,29836
"Bro is not ready to take a small one, negotiating for a big fish.",2024-10-12 05:10:45,0.96,508,37298,41,29835
"I told my gf we should go see Dune 2 today, she replied ""We have Dune 2 at home"" with this photo of my cat.",2024-03-05 17:59:23,0.89,291,8045,262,29730
Paying the rent,2024-06-12 14:49:56,0.95,335,1692080,163,29719
Bro definitely wanted an excuse to use the laser,2024-01-24 02:34:30,0.95,571,183096,303,29594
He must‚Äôve been super confused!,2024-04-26 06:01:27,0.86,608,35665,210,29552
Wife said no to hanging it in the living room... ,2024-06-02 04:29:11,0.91,1329,47927,173,29546
She's got that special touch.,2024-05-14 00:06:38,0.86,497,0,193,29375
The kids had no idea how memorable this day was about to become.,2024-06-29 07:13:00,0.93,496,70870,146,29358
She‚Äôs got Spirit ,2024-06-16 20:54:33,0.83,364,1084212,159,29305
[OC] Splinters,2024-10-16 10:33:30,0.96,137,423032,37,29107
[OC] Bad role play,2024-10-13 08:03:35,0.96,137,423032,40,28968
Never skip some Arabian prank ,2024-09-01 16:56:32,0.88,442,29934,82,28938
"My gf and her brother are fraternal twins. One was a natural birth and the other was a C-Section, so she made these two cakes for their birthday:",2024-02-02 00:12:22,0.93,440,387814,295,28794
The floor is lava...,2024-05-14 14:34:39,0.94,302,325086,192,28763
Just a dog ,2024-10-06 16:09:18,0.97,197,63010,47,28712
Little difference ,2024-11-16 19:26:57,0.97,66,567248,6,28673
Alpha Male Hunter,2024-04-17 09:06:18,0.81,162,0,219,28646
Lyrics used to be meaningfull back in the days.,2023-11-24 20:42:57,0.92,550,0,0,28562
Narcissus,2024-10-23 13:42:49,0.96,72,802714,30,28327
If only he had better poker face,2024-03-02 01:13:19,0.93,383,0,0,28313
Trying a new wig,2024-04-11 15:39:08,0.96,238,67239,225,28291
I case you had doubts...,2024-06-14 11:46:41,0.93,2453,9196,161,28251
"Wearing this to my companies christmas dinner, you think they wil notice",2023-12-18 08:50:16,0.86,103,17801,340,28247
"Contemplating that time in the 1520s, during the Ottoman siege, when Budapest was saved by Sam Elliot and Woody Harrelson",2024-09-20 01:30:54,0.97,111,90305,63,28200
Second opinion,2024-01-09 23:35:53,0.92,244,0,0,28197
Team building event at Boeing,2024-08-11 11:27:36,0.84,3113,25288,103,28179
I choked on scrambled eggs because of this,2024-05-09 11:54:41,0.93,547,99460,197,28121
That time I got kicked out of a bar and started working the door,2024-04-19 21:04:07,0.91,410,12334,217,28112
And I apologize,2024-06-09 15:07:06,0.93,293,13966,166,28108
This has to be on purpose right?,2024-03-02 17:37:41,0.93,384,12915,265,28109
"They have done a terrible job... Picture took in Norfolk, England.",2023-12-12 13:25:41,0.99,498,33609,346,28003
Best Advice Ever,2024-02-07 20:52:31,0.95,361,25848,289,27995
Company culture,2024-05-12 09:50:07,0.94,313,205405,194,27990
"Well, that aged well.",2024-05-02 09:47:20,0.96,479,0,0,27959
Its just a normal day in India ,2024-09-15 19:21:21,0.89,678,8348,68,27953
"""I don't want to... I don't want to... but I have to""",2024-10-30 18:19:44,0.96,182,25828,23,27956
My little sister's chemistry results came in.. üòÇ,2024-05-08 14:58:00,0.9,1386,6157,198,27917
A recipe for laughter,2024-11-05 13:00:56,0.97,47,41781,17,27908
a man‚Äôs grindr notifications went off live during eurovision,2024-05-09 16:00:24,0.81,742,10801,197,27873
Introverts,2024-03-13 09:08:36,0.95,273,205405,254,27839
Forehead Tittaes,2024-05-01 11:55:20,0.89,410,20280,205,27771
Throuple in the front row of a comedy show,2024-05-16 18:06:26,0.88,652,214313,190,27729
Time for a walk,2024-07-21 15:55:32,0.91,565,197485,124,27721
My wife got me a cake for what I thought was a big accomplishment.,2023-12-05 11:44:36,0.9,880,22575,353,27662
Tell me why,2024-08-25 13:17:11,0.89,541,322614,89,27668
How do you crash live TV reporting in different countries,2024-10-01 16:34:04,0.95,374,6008,52,27659
tipping culture ,2024-10-19 11:52:02,0.96,335,7638,34,27560
The dedication to the bit is impressive,2024-06-19 19:15:47,0.8,572,61461,156,27542
Comedian asked what he thinks about the American military,2024-01-31 14:12:18,0.85,776,1084212,296,27494
I guess he was just looking for some motivation,2024-01-08 14:18:27,0.9,762,26631,319,27434
Icebergs cause slowdown on I-40.  Lettuce be grateful no one was injured.,2024-11-18 13:57:35,0.93,495,18488,4,27403
You must live with your choices,2023-12-17 19:13:07,0.9,939,74653,341,27328
"Priceless US team‚Äôs reaction to Chinese winning pose
",2024-08-02 05:52:22,0.76,667,40741,112,27334
Best support system,2024-07-02 14:23:46,0.92,668,444622,143,27329
My 4 year old wanted a phone so I got one for her. She loves it!,2024-06-21 08:18:59,0.93,415,186476,154,27321
R.I.P. murdered American Airlines customers,2024-01-22 22:20:56,0.93,1207,24417,305,27262
Don't Get Physical ,2024-07-18 19:15:23,0.85,894,83277,127,27145
He knew,2023-12-22 08:12:49,0.84,739,0,0,27054
Can't wait for Halloween to scare people this way üéÉüòÇ,2024-10-13 04:43:02,0.95,280,379279,40,26993
There would be signs,2024-10-14 12:47:52,0.98,214,31209,39,26967
My boyfriend and I are having our first Christmas since we moved in together. This is our Christmas tree. We‚Äôre young and poor.,2023-12-10 13:08:32,0.9,2374,9284,348,26904
Baby Gorilla loves his new toy,2024-05-23 10:01:22,0.96,538,2235864,183,26891
Impromptu Crowdwork by Aries Spears,2024-08-14 08:29:41,0.82,806,194394,100,26872
Peter Griffin playing Fortnite ,2024-01-23 08:19:46,0.87,282,255846,304,26799
Censored vegan menu photo,2023-11-23 13:10:56,0.96,291,178815,365,26799
What an assist!,2023-12-11 11:55:23,0.96,326,0,0,26794
Nut master üí©,2024-09-19 08:33:57,0.91,367,88178,64,26788
"I turn now, good luck everybody else",2024-04-27 10:55:32,0.95,645,48770,209,26712
Primary school kids make a banger,2024-05-23 16:01:29,0.87,1126,72668,183,26669
I think he is possessed ,2024-06-25 06:40:12,0.89,253,19483,150,26645
Wife works at hospital and they had lunch catered today. She brought home some leftovers. She swears it‚Äôs chicken. Should I believe her?,2024-01-23 19:47:49,0.93,1455,15769,304,26646
First Date Ick,2023-12-29 20:08:24,0.9,476,43608,329,26629
Brazilian apllying for an international job,2024-06-24 17:44:02,0.95,213,13878,151,26625
I turned my overly long CVS receipt into a 50 foot long rug.,2024-01-16 08:18:29,0.82,882,1306104,311,26460
Today's Jeopardy Winner Celebrating,2024-02-05 21:15:14,0.92,1310,33278,291,26464
Leaving cute notes for my girlfriend in the morning and her response.,2024-08-27 11:46:18,0.84,694,7556,87,26445
camouflaged,2024-09-27 14:08:55,0.98,127,50683,56,26359
The chosen one,2024-09-13 06:24:52,0.97,215,32858,70,26359
"My 9 y/o daughter drew this at school, of course I framed it!",2024-11-15 11:12:28,0.96,467,12118,7,26347
Van life ,2023-12-14 07:57:32,0.9,509,8305,344,26329
Dating standards,2024-05-05 09:08:23,0.91,686,205405,201,26305
Why you shouldn‚Äôt make eye contact with gorillas,2024-06-04 07:41:50,0.95,572,248930,171,26298
One of these leads to a good time,2024-10-10 12:01:53,0.96,184,266596,43,26259
The dementia clock I inherited is not helping.,2024-02-25 19:38:29,0.95,542,51116,271,26252
Street art in Philly is something else,2024-06-20 19:53:59,0.96,501,7354,155,26248
Same but different ,2024-01-18 09:15:37,0.85,716,615476,309,26176
Please help us name our band ,2024-11-02 10:50:23,0.92,12652,6352,20,26159
Running after Runners playing the Rocky Theme ,2024-10-02 14:28:54,0.97,160,1579594,51,26138
The key to learning a backflip is to surprise your muscles...,2023-12-21 04:33:15,0.98,195,36845,337,26068
Wtf???,2024-10-15 02:21:16,0.81,313,40092,38,26055
Good boy.,2024-10-15 05:56:37,0.95,231,5969,38,26037
"My 9 year old was doing a word search and said ""Hey, Dad."" Then pointed at this.",2024-04-19 10:39:08,0.95,258,87341,217,25863
Basketball: is this cheating?!,2024-04-07 13:00:22,0.92,957,34326,229,25804
So I was home alone today and heard noise from the bathroom. This is what I found. Q-Ball has trained herself it appears.,2024-02-22 17:24:33,0.92,587,37046,274,25747
Same girl same,2023-11-28 19:09:12,0.89,307,216524,360,25666
Pool noodle goes bam,2024-05-03 05:24:17,0.91,302,13826,203,25628
Almost twins,2024-11-16 02:59:36,0.98,58,32858,6,25614
Team Earth leading in medals this olympics,2024-08-17 04:30:02,0.84,728,22169,97,25586
He Had To üòÇ,2024-10-28 03:29:00,0.95,103,25604,25,25573
Saucy everything,2024-06-06 20:30:29,0.92,220,0,169,25544
I Got Caught Mispronouncing Rich People Stuff,2024-01-23 14:41:48,0.9,808,43608,304,25472
My 6 year old brother had to make a crown in school using words ending with 'ng'. It also says 'strong' and 'long' on the back.,2024-08-21 04:39:15,0.96,303,6739,93,25410
Forget the gym‚Ä¶,2024-10-29 09:25:39,0.97,38,36133,24,25270
This has to be the funniest Olympic headlines. ,2024-08-05 00:10:52,0.89,831,0,110,25283
I found this in my son‚Äôs room; should I be concerned?,2024-09-14 22:15:48,0.94,2015,58924,69,25249
*press*press*press*press*,2024-10-23 10:48:30,0.96,265,469292,30,25244
Ruined a Woman‚Äôs Birthday‚Ä¶,2024-01-02 16:07:50,0.83,487,11823,325,25234
I found this on the back of my sons homework.,2024-01-04 14:32:35,0.93,1707,8714,323,25196
Run whenever you have a wild encounter ,2024-03-26 12:57:27,0.95,837,0,241,25195
If busta rhymes was an auctioneer,2024-08-28 10:32:37,0.94,401,5871252,86,25190
Mickey Mouse (a.k.a. Femke Bol) has just broken the 400m indoor world record for The Netherlands!,2024-03-03 14:30:10,0.9,892,0,264,25184
How to pick up women.,2024-02-03 13:29:37,0.89,462,48942,293,25177
What did he think was gonna happen?!?!,2024-11-18 15:11:27,0.93,895,39583,4,25343
I came to the doctor for bloodwork and check up. This is the room they put me in. I'm a 42yo man.,2024-08-01 10:40:23,0.88,1477,0,0,25127
My wife's dentist has a great dentist name.,2024-11-02 09:43:46,0.97,439,167976,20,25052
Lady Gaga‚Äôs ‚Äúlive‚Äù performance at the Olympics ,2024-07-27 08:57:19,0.85,1609,10911,118,25033
Our DragonCon 2024 cosplay...,2024-09-04 23:34:06,0.92,135,7991,79,25004
Paying to reveal who likes you on online dating,2024-06-23 09:43:07,0.95,612,6425,152,24982
Move over tinder,2023-11-30 13:51:02,0.93,44,54258,358,24945
"Thank you for calling customer service, may I have your name please?",2024-08-08 07:55:09,0.83,991,26389,106,24934
I ran over a wasps nest.,2024-08-21 20:18:16,0.93,1159,18255,93,24924
This is exactly right,2024-05-10 20:55:25,0.95,279,20040,196,24921
"Really, Dollar General? ",2024-11-05 15:22:17,0.94,612,180272,17,24897
What's your favorite brand?,2024-05-17 05:32:42,0.88,698,237611,189,24850
 kick kick kick,2024-05-20 07:35:46,0.93,263,31084,186,24829
"A journalist asked the Bosnian basketball player Nihad Dedovic if he was related to Zlatan Ibrahimovic: Dedovic said, ""No, my father has never been to Sweden."" Zlatan replied, ""But my father has been to Bosnia."" Brutal",2024-06-28 19:14:06,0.92,455,20754,147,24776
Great time to invest in baconators,2024-02-28 11:14:31,0.94,543,146621,268,24759
"1, 2, 3",2023-12-25 15:25:21,0.92,334,77498,333,24724
Reality,2023-12-22 23:21:56,0.91,837,24071,336,24646
My wife has a baby cam for her birds while they're nesting. I heard the scream from inside the house.,2024-04-13 19:43:56,0.93,242,64923,223,24628
I was walking to class and saw these bumper stickers,2024-05-16 13:35:36,0.94,949,10788,190,24616
USA - Don't use your cell phone while driving! Meanwhile in Hong Kong...,2024-01-05 17:51:13,0.94,630,32662,322,24597
Billie Eilish Meeting Korean Kids is the most Humourous thing you'll see ,2024-07-15 19:56:54,0.85,694,466215,130,24535
Just let this man do his job,2024-05-01 11:00:27,0.97,252,0,205,24506
Over and over again,2024-02-18 09:01:24,0.73,1469,33832,278,24507
Genius BAFTA Duo,2024-01-18 11:30:39,0.93,238,40345,309,24506
So my boss thought this was a good idea..,2024-03-22 09:33:45,0.93,2205,6065,245,24393
My kids are no longer allowed to use A.I. unsupervised. ,2024-10-17 11:16:29,0.93,609,77590,36,24383
Now you can see it ,2024-04-08 13:24:12,0.93,484,63070,228,24378
Veteran Sailor,2024-10-20 06:59:28,0.97,203,16925,33,24289
Pilot vs delicate footballer,2024-11-20 09:58:22,0.87,609,14275,2,25043
Self defense skills,2024-01-13 06:37:21,0.92,429,239348,314,24270
Bostonian happens upon a car accident‚Ä¶,2024-08-12 20:50:22,0.92,815,153681,102,24249
Our engine has the best physics,2024-02-07 20:03:05,0.98,328,23745,289,24236
Every British gangster.,2024-10-05 17:04:02,0.89,611,19086,48,24192
Electrical engineering at its finest (watch it with the voice turned on),2024-06-18 10:11:05,0.89,628,444626,157,24186
A really bumpy train ride,2024-03-19 12:58:31,0.91,1793,274672,248,24178
"Went shopping for a coffee grinder at my local thrift store, it was filled with weed. ",2024-06-17 23:05:27,0.93,1255,66701,158,24166
Random guy gets a front row seat and is forever the center of our engagement,2023-12-12 15:17:38,0.92,1438,7365,346,24085
Happy New Year!,2024-01-01 06:23:29,0.92,584,48132,326,24052
No matter how much you shake and dance,2024-03-05 01:32:38,0.95,627,5871254,262,23858
Granny's rules for the Lyft,2023-12-21 20:46:03,0.89,1490,23242,337,23850
Amazon is so wrong for this,2024-03-19 21:15:35,0.85,1933,7015,248,23841
Dr. Rizz is here to steal your grandma,2024-06-29 02:02:53,0.95,297,9006,146,23829
His soul disappeared ,2024-01-05 07:06:15,0.96,170,113237,322,23749
Tesla owners are you all this comfortable?,2024-02-03 19:34:36,0.9,1838,6131,293,23746
Bro turned around faster than he could process ,2024-10-05 15:24:31,0.98,101,7789,48,23737
"Out of an entirely empty field, they found the one tree",2024-09-20 18:27:09,0.97,224,59579,63,23689
Gf tried to make a snail,2024-11-02 18:00:22,0.96,679,6757,20,23540
CarPOOLing,2024-06-15 14:13:53,0.85,932,135955,160,23493
This too damn funnyüò≠üò≠,2024-05-23 19:53:23,0.88,420,17238,183,23449
Portrait of Harry Potter!ü§ì,2024-04-26 08:09:09,0.84,1886,6784,210,23454
It's the same person,2024-05-17 19:27:06,0.9,434,101550,189,23435
Ummm,2024-03-07 04:17:29,0.95,275,39740,260,23424
"I recorded ""Hallelujah"" with the words of ""Baby Got Back."" I'm so sorry.",2024-03-29 08:44:25,0.9,705,274446,238,23407
My horse always gives me a look of judgement when speeding,2023-12-01 09:29:41,0.84,706,14265,357,23376
Hardcore Barkour ,2024-09-23 12:45:24,0.97,104,1579607,60,23375
Age Rating Logic,2024-05-15 07:32:01,0.91,666,73232,191,23379
"Tiger Woods and tree congratulate each other on long, illustrious Masters careers",2024-04-14 16:39:13,0.96,135,196962,222,23358
I've never wanted to be a part of a friend group so bad! üòÖüòÖ,2024-11-15 12:05:29,0.92,172,5838,7,23337
‚Ä¶Oops? ,2024-08-30 19:40:35,0.95,406,432821,84,23326
Legendary ,2024-09-14 06:41:41,0.94,147,17395,69,23208
Chinese Woman Bungee Jumps For the First Time,2024-06-07 08:38:14,0.91,625,242535,168,23187
Wife asked me to ‚Äútake it easy‚Äù on my 12yo for his first time at the gym.  So I sent her this pic,2024-06-10 17:56:03,0.88,737,201171,165,23184
Only in Pakistan,2024-03-24 10:44:02,0.93,999,0,0,23171
Font choice matters,2023-12-08 14:43:32,0.96,519,10737,350,23156
Not again (2),2024-10-17 23:19:23,0.96,68,17995,36,23104
Saw the new non-union US National Tour of Shrek The Musical‚Ä¶ I think I‚Äôve been Wonka‚Äôd.,2024-03-20 21:43:15,0.9,822,25374,247,23100
"She woke up today and said ""Choose war? No, I AM War.""",2024-04-06 22:39:01,0.91,694,109428,230,23084
Ancient Demon has no idea what a gun is,2024-04-24 20:11:21,0.9,342,23411,212,23069
OG just needed a new homie ,2024-10-04 22:54:21,0.95,216,455586,49,23040
I‚Äôm a Comedian. Here‚Äôs My Last 4 Minutes Of Jokes,2023-12-18 20:14:38,0.9,633,157299,340,23019
Cat fell asleep biting my foot ,2024-08-12 18:52:39,0.95,558,14121,102,23011
leave the poles alone,2024-10-09 11:34:31,0.96,121,18432,44,22972
Form is important when lifting weights,2024-01-23 18:25:48,0.86,2620,47825,304,22955
Run,2024-11-01 17:58:03,0.98,71,5547,21,22955
Florida sucks.,2024-03-27 20:04:58,0.91,1572,70027,240,22943
He sure having a good timeüòÇ,2024-10-19 09:39:27,0.86,170,226440,34,22918
"So, what other kind is there?",2024-08-31 18:10:51,0.95,1153,7854,83,22895
"Robin Williams was insanely talented, in this interview he is asked to explain how his mind works and the answer is hilarious.",2024-01-10 07:49:43,0.92,1092,72854,317,22892
How long did it take you?,2023-12-09 05:22:05,0.98,290,239348,349,22748
Beans 2 - Fake Commercial ,2024-08-28 04:38:32,0.91,541,20113,86,22760
Hello there,2024-10-24 03:38:15,0.97,172,6539,29,22758
He finally knows,2024-09-26 16:23:29,0.97,88,7192,57,22730
The second reveal is even better ,2024-01-20 08:44:41,0.91,279,325086,307,22671
A jelly pet is funnier than I thought,2024-11-08 03:57:37,0.94,245,4822057,14,22661
in iceland you don‚Äôt have to lock your bike‚Ä¶,2023-12-14 00:24:30,0.93,383,11985,345,22643
First time trying smelling salts hits hard,2024-07-14 17:41:11,0.93,784,5808,131,22602
Who bought grandma Diablo IV,2024-08-13 02:07:55,0.95,892,120396,101,22609
two-step verification to confirm,2024-05-07 17:04:04,0.86,510,0,199,22437
We are officially on week 2 of Duck Hunt; 98 ducks have been found,2024-04-08 08:43:40,0.9,490,94330,228,22424
Football 101,2024-03-04 08:20:28,0.93,1845,6963,263,22409
My 5 year old son drew a butterfly,2024-06-28 16:40:04,0.92,1115,6788,147,22406
Funniest update I‚Äôve seen,2024-05-24 19:38:55,0.95,460,13195,182,22355
"Dude just lost his entire home to a tornado, and couldn't care less...",2024-05-24 14:18:49,0.94,561,81351,182,22305
I don't think that's water,2024-07-10 10:39:09,0.96,360,49689,135,22274
Memories üòä,2024-05-16 00:13:16,0.95,255,6503,191,22274
Relationship goals,2024-10-07 13:15:13,0.91,317,421190,46,22263
"""I don't see color...""",2023-12-19 03:35:45,0.92,494,11464,339,22262
I saw the best garage door today.,2024-08-23 18:54:44,0.99,46,26440,91,22250
Anyone know how to use these things?,2024-01-13 22:12:19,0.86,1614,40764,314,22184
"Husband did my makeup and took the term ""eye liner"" too literal üòÖ",2024-04-21 19:06:24,0.85,924,147645,215,22128
Low budget spiderman! ,2024-11-15 04:32:03,0.96,88,22083,7,22051
Heartbreaking,2024-06-11 12:58:35,0.75,624,9017,164,22010
He knew exactly what he was doing,2024-05-22 16:06:26,0.95,343,210580,184,22006
My first 25 years of life as explained by a single golf shot. ,2024-06-12 01:19:15,0.95,514,189309,163,21970
Bon Appetit,2024-04-09 22:21:47,0.92,407,576304,227,21945
Something doesn‚Äôt add up,2024-04-20 06:12:06,0.91,1051,479989,216,21918
Always happens,2024-03-24 09:28:49,0.91,336,6374,243,21904
It‚Äôs been 7 years and seeing Sting‚Äôs reaction to Jos√© Feliciano‚Äôs cover of ‚ÄúEvery Breath You Take‚Äù still makes me laugh my ass off. ,2024-03-09 23:13:08,0.93,1755,861095,258,21877
Mission failed,2024-07-11 06:48:43,0.96,289,197486,134,21869
Hold my phone,2024-05-19 20:50:21,0.91,281,79853,187,21835
"Guys, I think that it might not be ginger",2024-04-07 07:29:46,0.95,1585,6608,229,21810
"As far as I am concerned, this is historically accurate.",2024-11-14 14:52:11,0.97,155,126154,8,21797
Just give'em one of these,2024-08-10 14:19:04,0.92,1337,40046,104,21777
Trying out a new de-corker when..,2024-05-13 08:21:37,0.93,525,9235,193,21725
The editing makes it so much better.,2024-06-07 05:46:28,0.87,279,0,168,21717
Chill Halloween Party,2024-10-30 10:18:12,0.98,92,22655,23,21653
"Spotted on our walk, above the free dog treats our neighbors offer",2024-04-26 22:13:06,0.98,103,44286,210,21642
Mothers on xmas day,2023-12-26 11:28:23,0.91,475,31898,332,21628
His girlfriend forgot to take the plastic off the cheese ,2024-03-12 10:47:32,0.87,3352,6253,255,21555
Young Gorilla Kiyomasa being a menace to his dad,2024-06-09 09:25:13,0.96,317,2235866,166,21549
Did they get a ticket?,2024-09-30 15:43:16,0.93,244,67226,53,21472
Who you gonna call?,2024-02-05 07:20:49,0.79,666,479989,291,21445
Oh wow ,2024-02-07 06:08:17,0.92,873,48482,289,21415
Stupid bugger ,2024-06-30 18:44:45,0.89,594,80955,145,21347
Kids today,2024-05-01 16:02:23,0.93,1213,47663,205,21329
Saw this note on my neighbors door this morning,2024-03-30 16:32:12,0.93,869,12147,237,21332
Ronaldo pulled off at half time,2024-06-26 00:33:12,0.93,288,18282,150,21326
Just in case you didn‚Äôt know..,2024-02-29 08:36:15,0.92,1011,15782,267,21312
Please...,2024-10-27 15:57:24,0.97,85,48376,26,21263
Awh the little turn around to her dad ‚ò∫Ô∏è,2024-03-09 03:17:20,0.95,470,63345,258,21259
India is not for beginners!,2024-01-15 10:25:32,0.92,553,6124,312,21228
Nikki Glaser roasting Jewel and Peyton Manning,2024-05-09 18:57:03,0.89,898,804750,197,21199
Upside down turtles,2024-04-16 12:03:57,0.97,453,0,220,21193
Dads acting like they live alone,2024-09-23 20:55:36,0.93,696,454202,60,21193
Rob Brydon and Steve Coogan's duelling Michael Caine impressions.,2024-06-24 11:47:39,0.95,414,288508,151,21181
I told my coworkers I had never tasted a pickle. The next week:,2024-05-22 11:33:52,0.95,1375,26499,184,21115
She‚Äôs in for a reel good time,2024-10-25 09:29:29,0.9,198,35929,28,20975
Never Gets Old,2024-10-04 01:54:44,0.97,136,80288,49,20875
Take a little flight big boy,2024-05-22 18:56:28,0.91,405,0,0,20846
What is happening?,2024-02-04 08:48:12,0.81,2789,68777,292,20845
lucky me üòã (OC),2024-09-08 07:11:44,0.98,68,62603,75,20811
I won‚Äôt tell if y‚Äôall won‚Äôt tell.,2024-07-23 09:36:47,0.89,1176,46116,122,20734
Everyone everywhere today ,2024-10-11 13:50:17,0.98,81,6039,42,20708
Being happy vs fitting into society,2024-10-13 09:45:05,0.95,237,27834,40,20695
Halloween in Australia ,2024-10-27 00:41:11,0.97,192,753490,27,20678
Peer pressure can get the best of you,2024-08-20 22:13:26,0.94,633,189309,94,20569
My Niece and her new sweater,2023-12-16 21:06:23,0.91,327,6426,342,20569
I painted an astronaut pushing the boundaries,2024-10-16 07:53:33,0.97,163,112633,37,20547
All the time,2024-03-05 13:15:50,0.94,447,8316,262,20470
Friends are enjoying their time after some drinks,2024-09-29 03:49:48,0.97,319,27684,54,20452
How do you lock it?,2024-07-12 07:18:53,0.96,1334,28125,133,20416
Silence speaks louder than words,2024-04-10 18:09:52,0.94,487,56199,226,20294
[OC] job interview üö©,2024-08-18 07:10:46,0.95,75,423032,96,20276
If anyone ever wonders why every mechanic everywhere hates engineers‚Ä¶.I submit exibit A:,2024-03-17 17:51:55,0.85,1136,29040,250,20255
Professor having fun with a shadow in class,2024-02-16 09:39:09,0.93,212,0,280,20231
Frontier Airlines Found a New Way to Cut Corners,2024-09-26 22:56:48,0.96,792,8174,57,20224
Traffic cone RC Car prank by Vlog Creations,2023-11-28 13:28:37,0.86,442,836250,360,20168
God gives signs in different ways to quit your job ,2024-02-13 07:46:54,0.91,899,5546,283,20164
Men will be men,2024-10-16 23:43:54,0.95,105,5890,37,20155
Imagine going to airport like this üòÇ,2024-01-31 10:27:14,0.93,200,341375,296,20063
One Emmy and a double-double please,2024-01-09 15:32:45,0.92,876,33136,318,20044
She has a very good business plan üòÇ,2024-01-25 02:42:45,0.98,164,183096,302,20015
[OC] be vigilant ,2024-11-03 08:22:21,0.98,36,423032,19,19978
You already knew that you had a big d***?,2024-05-31 11:00:33,0.86,694,173551,175,19965
"""Please don't season the doves"" From Mannheim Central Station, Germany ",2024-11-05 04:31:03,0.99,193,47772,17,19958
Neuralink,2024-05-15 06:08:18,0.95,253,1015371,191,19960
One way to help your cat show its emotions,2024-11-08 18:03:06,0.98,38,4822062,14,19953
How many men does it take to fold a stroller?,2024-05-25 00:19:59,0.86,1442,111181,182,19879
Catching a break,2024-01-07 22:54:59,0.94,442,32124,320,19832
Taxes,2024-03-27 17:18:50,0.94,745,802714,240,19818
Always been a Mario fan anyways,2024-09-26 14:01:17,0.98,80,23784,57,19812
I think it's pretty famous but anyways,2024-08-14 15:06:43,0.82,326,77498,100,19774
Think my cumin is still good?,2024-02-05 07:14:34,0.93,1761,6360,291,19778
My son's father is Korean and wanted an American hat. I tried my best. ,2024-07-26 08:51:59,0.9,634,387931,119,19721
Wait for the Ironman,2024-10-18 09:15:07,0.87,1351,45724,35,19669
Accepted to the job ,2024-09-25 04:01:56,0.96,86,6464,58,19675
"I hid 100 rubber ducks while my wife was asleep. As of 8 this morning, she has found about a third of them",2024-04-01 09:13:23,0.93,321,94330,235,19620
Those tacos must be something!,2023-12-05 11:52:31,0.95,149,220582,353,19603
Read the sign. Or don't. ,2024-10-31 19:44:50,0.98,90,24871,22,19611
Kid crashes hard into my parked truck as I got home from work,2024-06-26 10:40:36,0.94,1028,6031,149,19605
Still makes me laugh!,2024-11-21 16:43:15,0.87,750,8237,1,25362
Just guys being guys,2023-12-12 13:57:45,0.91,703,19656,346,19463
Happy Halloween :),2024-10-31 12:32:19,0.94,142,58492,22,19409
Better than Game of Thrones finale,2024-05-05 06:46:51,0.88,202,102055,201,19376
Catfishing,2024-01-11 11:41:07,0.96,352,270723,316,19371
Homeless man spawns around 6 am,2024-07-22 17:08:31,0.94,842,8706,123,19306
Morning news weather report in Germany vs in Greece,2024-04-02 15:22:32,0.96,1116,875945,234,19165
"""Clever girl...""",2024-04-24 17:18:54,0.93,193,476589,212,19084
it's a girl!,2024-04-01 18:50:36,0.96,375,0,235,19074
Our kitten looks like the monster from Pan's Labyrinth,2024-09-19 08:33:34,0.97,76,21123,64,19045
Video game logic.,2024-01-01 13:10:11,0.95,193,7549,326,18963
Dude got circumcised at 30,2024-04-26 10:45:53,0.89,1226,39600,210,18942
Young gorilla having fun with the silver back,2024-05-08 06:06:42,0.97,164,33008,198,18905
That old lady knew *exactly* what she was doing o_O,2024-05-22 16:14:31,0.82,342,163068,184,18900
"Once, I could never see myself in a Cybertruck, but I've changed",2024-06-29 10:56:01,0.74,1371,113482,146,18900
Admitted to hospital and asked husband to bring me clothes,2024-11-13 12:05:38,0.97,130,6239,9,18893
Free that spider ,2024-10-28 10:56:11,0.98,99,0,25,18874
God will help me !,2024-08-22 06:37:48,0.88,248,108943,92,18850
Only group hated more than cops,2024-07-12 16:40:14,0.86,532,87738,133,18815
Help Wanted...?,2024-04-18 15:25:27,0.89,1838,12725,218,18796
Machine learning,2024-04-17 12:10:17,0.88,1299,180407,219,18795
People sure are getting serious saving seats for the parade tomorrow...,2024-07-03 19:23:42,0.95,599,6182,142,18732
Good recovery.,2023-12-07 11:05:11,0.96,312,140651,351,18719
The bastards really did it.,2024-04-20 20:08:04,0.89,558,223732,216,18650
Time to head South?ü¶©,2024-02-28 01:53:33,0.91,404,31841,268,18644
Jake Paul's Next Fight ,2024-11-17 22:51:31,0.96,127,5624,5,18650
Do you guys have any idea why she so upset because I'm betting he doesn't know what he did wrong either.,2024-09-03 11:06:20,0.92,620,50435,80,18598
Never noticed this change in the PC port of Uncharted 4,2024-03-11 07:27:16,0.9,284,6112,256,18597
Japanese game shows are weird ,2024-08-01 02:20:37,0.9,1290,0,113,18581
My gf says i have a dirty mind,2024-07-29 12:42:31,0.9,1733,6112,116,18568
A homie and a good Samaritan ,2024-03-11 12:45:26,0.93,287,0,256,18530
Man intervenes in street cat standoff,2024-03-06 12:25:47,0.96,517,0,0,18492
World War 4 will be fought with sticks and stones.,2024-07-04 18:08:13,0.91,671,103928,141,18492
My 4yo got slime for her birthday ‚Ä¶ did this almost immediately.  ,2024-09-24 21:20:39,0.91,478,112304,59,18484
"I actually meant hi, how are you?",2024-09-28 12:44:24,0.98,60,170910,55,18428
Be Honest!,2024-06-21 16:19:58,0.82,942,0,0,18398
New family concepts unsettle me,2024-03-01 09:31:25,0.89,1121,7556,266,18373
How my little sister dressed herself for my graduation. Still cracks me up to this day. ,2024-10-05 19:41:36,0.95,184,9337,48,18354
Look out!,2023-11-29 20:42:41,0.93,446,141882,359,18316
This is why you should NEVER stay near the exit of a railway tunnel!,2024-11-03 20:46:23,0.96,79,25828,19,18302
SINGLE for 5 years!!! This surgeon gets lucky at a comedy show!,2024-07-07 13:03:06,0.92,166,58427,138,18292
My wife‚Äôs fortune cookie,2024-06-17 08:47:24,0.98,237,5575,158,18235
Swifties are a different breed,2024-05-08 17:20:39,0.92,375,60655,198,18179
Mos Def on Drake's music,2024-05-02 19:13:27,0.95,870,547064,204,18132
This cop on ‚Äúcops‚Äù writing down some important stuff,2024-01-05 14:04:34,0.96,442,76545,322,18098
Most accurate German theme park attraction. ,2024-04-04 07:37:07,0.95,358,332366,232,18079
Didn‚Äôt understand what was funny about ordering 3 cheese enchiladas on the side until these monsters showed up‚Ä¶,2024-06-08 04:22:15,0.94,699,13138,167,17983
Eric thought he was a DOG üíÄ,2024-03-18 11:32:01,0.94,388,163068,249,17957
Next level Ping Pong,2024-04-15 22:23:17,0.95,339,842652,221,17860
How to defend against a knife attack,2024-10-26 12:11:23,0.96,431,60997,27,17853
Told my son not to leave the windows open in the cold weather and to stop blaming our new kitten. I'm making apology-cake now.,2024-10-13 10:06:56,0.98,133,131282,40,17844
Super dragon ball tennis ,2024-04-20 10:40:36,0.9,382,13642,216,17836
Sexual dimorphism ,2024-06-19 01:52:52,0.91,567,367471,156,17830
"I put up my annual 12' tall tree, with 6400 lights (have to split on 3 circuits). My smart ass cousin sent me this via Amazon.",2023-12-09 09:26:15,0.92,456,154608,349,17822
why get buried in a suit,2024-04-04 11:48:25,0.94,210,99338,232,17792
Doggy.zip,2024-03-19 08:19:18,0.91,896,16150,248,17788
Kentucky State Fair removes ribbon-winning miniature after realizing it depicted a porn set,2024-08-23 22:15:09,0.96,305,221489,91,17759
Work smarter not harder,2024-02-05 18:01:02,0.94,440,27355,291,17745
Keep rollin‚Äô,2024-11-05 00:27:56,0.95,166,29042,18,17707
The right way to wash your hair on Water-Sprinkling Festival,2024-04-13 23:13:51,0.96,295,8887,223,17705
Paula Abdul loses it while playing Wheel of Fortune Holiday Edition,2023-12-14 10:05:09,0.92,895,46268,344,17705
Yoink.,2024-05-11 15:38:05,0.91,337,9499,195,17649
"Superhero entanglement (Batman, Wonder Woman & Superman)",2024-01-03 15:55:50,0.88,172,6615,324,17626
Programers will understand...,2024-04-22 11:12:39,0.89,292,6714,214,17627
"My dinosaur obsessed 6-year-old drew this, and I have no explanation",2024-10-04 16:23:38,0.95,815,9997,49,17618
It‚Äôs time to go,2023-12-13 18:14:50,0.96,194,67239,345,17615
Last week my neighbour screamed at me that chickens can't fly or escape his backyard. This week...,2024-06-12 11:28:00,0.94,1437,41854,163,17599
Am a bunny ,2023-12-04 05:42:02,0.92,492,0,354,17600
And then there was one,2024-01-29 10:52:47,0.91,371,421192,298,17588
"Bought a blacklight for fun, only to find out my kids took a magic ink pen to the walls at some point",2024-03-06 21:35:50,0.96,590,6767,261,17594
Man murdered by a cop,2024-02-25 07:47:43,0.93,406,20083,271,17589
Mbappe,2024-09-11 08:47:31,0.98,81,5822,72,17528
Brave kid,2024-05-12 11:12:38,0.96,309,24471,194,17504
Absolute cinema! ,2024-06-15 16:29:27,0.94,501,275538,160,17495
You must play 40k to film 40k,2024-02-26 17:49:14,0.95,366,104747,270,17495
At least he tried,2024-05-11 05:45:13,0.98,172,4717,195,17483
This is how my son does Word Searches in school.,2024-02-09 17:07:15,0.9,1203,31948,287,17480
The correct way to use a roomba,2024-09-30 11:44:28,0.97,91,19227,53,17450
This 'casual gym top' that was advertised to me.,2024-04-15 07:32:56,0.94,1133,29333,221,17450
My sons SBAC Practice test,2024-05-04 23:15:44,0.94,1491,0,0,17446
I learned cursive for no reason ,2024-04-30 06:26:38,0.84,1439,0,0,17438
so do we need to keep our condoms on while sleeping?,2024-05-25 16:57:11,0.93,650,5698,181,17426
Saw this on the way homeüòÇüòÇ,2024-08-28 12:21:31,0.92,275,5625,86,17408
Creative ai,2023-12-27 07:32:00,0.95,184,4393,331,17392
Uber app suggests I take a scooter to the airport. I live 50 miles away from the airport. ,2024-05-18 12:37:27,0.93,888,32961,188,17397
Neal the seal on his annual vacation,2024-08-11 09:25:46,0.98,226,804750,103,17370
‚ÄòVolk‚Äôs too old‚Äô,2024-02-09 11:02:07,0.95,507,15934,287,17348
My taxi in Mexico,2024-03-03 22:29:09,0.96,471,7649,264,17338
the only solution,2024-01-08 16:28:51,0.94,1981,0,319,17317
Discovering the hard way that the infinity pool is not infinite,2023-12-05 09:39:02,0.98,261,30374,353,17267
‚ÄúNo one needs to own a truck‚Äù ,2024-04-25 12:16:01,0.85,1556,5657,211,17205
He needed 5 more minutes goddamnit!! ,2024-05-25 04:03:19,0.91,162,163068,181,17206
Losing to a carnival ride. ,2023-12-13 09:32:15,0.91,808,12036,345,17197
Lovely dress,2023-12-19 19:30:04,0.95,186,107833,339,17175
"After accidentally being struck in the head by a metal water bottle yesterday while signing post-match autographs, Djokovic went out again today with a helmet",2024-05-11 07:57:07,0.92,537,38332,195,17090
Legalize Asbestos,2024-05-13 20:24:51,0.88,845,576306,193,17085
The perfect opportunity presented itself yesterday,2023-12-13 08:31:37,0.84,666,10780,345,17069
Deactivated ,2024-10-17 04:43:33,0.97,281,40092,36,17049
Guy in car watching suspect try to escape,2024-06-02 08:50:06,0.95,555,5274,173,17038
And we return to France where Nice play Brest üëÄ,2024-09-29 09:46:45,0.9,198,52782,54,16996
Then Jesus told them ‚Ä¶..,2024-03-13 07:25:41,0.97,163,248930,254,16949
Osama vinLaden,2024-04-04 02:42:09,0.95,601,7731,232,16893
Pretty sure my wife plans on murdering me,2024-02-24 01:28:33,0.95,1088,6440,272,16870
"Idk which country is this, but Im going there",2024-03-13 05:28:32,0.88,2553,0,254,16857
This car deserves a gold medal ü•á ,2024-08-14 18:38:44,0.93,219,319643,100,16829
What are these plants called?,2024-02-08 10:15:37,0.86,5822,33136,288,16836
The boys call me glizzy guzzler. The girls call me an idiot.,2024-04-15 11:24:13,0.91,1114,5468,221,16758
Time to brush your teeth,2024-09-28 03:54:32,0.98,133,33736,55,16743
Driver completely loses it over another driver,2024-09-07 15:06:04,0.95,197,29799,76,16744
MIL had surgery and sent my wife to Costco,2023-11-28 05:08:59,0.92,1620,5360,360,16716
I can‚Äôt believe they got away with this one,2024-06-01 15:43:06,0.95,227,33066,174,16647
Dude was not having it.,2024-05-09 20:15:50,0.95,319,487549,197,16638
Teach your robots right,2024-10-20 11:48:52,0.98,47,322614,33,16644
You guys are all engineers?,2023-12-22 14:14:56,0.9,358,173552,336,16610
"I told the surgery center, my ride was my Dungeon Master.",2024-03-13 16:01:14,0.88,492,11913,254,16586
let me do it,2024-07-07 23:08:31,0.9,280,594980,138,16537
Oldest trick in the book,2024-07-09 22:41:00,0.92,169,24257,136,16518
Oh no not Jared Leto,2023-12-04 10:00:21,0.9,413,599985,354,16521
PINGU,2024-03-08 02:57:12,0.95,156,39740,259,16510
I think my printer is about to self destruct,2024-02-06 11:16:01,0.97,1455,62795,290,16488
I never think of the perfect answer on the spot...,2024-04-21 11:28:36,0.85,484,435274,215,16479
This edit is insane!,2024-07-08 12:17:49,0.92,219,37268,137,16476
San Fran right now:,2024-02-11 22:53:42,0.92,482,18610,285,16465
Count me in! ,2024-01-30 02:57:41,0.95,308,0,0,16445
Truths and Lies [OC],2024-09-01 19:55:37,0.96,139,14963,82,16442
No wordsüíÄ,2023-12-20 07:27:39,0.96,196,113237,338,16366
Learn to drive,2024-11-17 21:39:31,0.99,120,7405,5,16366
"Went to McDonald‚Äôs and they kid in the drive through asked how I wanted the ice cream, I just said yes.",2024-02-08 17:59:09,0.9,611,8233,288,16336
German Efficiency,2023-12-30 16:25:52,0.98,707,0,328,16324
Straight to the point ! Actualy an amazing ad üòÖ,2024-11-18 20:01:10,0.97,54,11718,4,16342
The Fruit of the Kingdom,2024-05-29 17:24:58,0.88,228,476589,177,16280
Atleast he is happyüòÇ,2024-10-19 02:31:54,0.98,75,226440,34,16235
Not all heros wear capes,2024-09-12 16:24:16,0.97,65,455586,71,16225
The reporter doesn't get paid enough to hide the laughter in the background. ,2024-05-28 12:29:39,0.96,211,275538,178,16221
Is this an authentic watch?,2024-09-12 16:39:11,0.97,671,196996,71,16212
Geologist are really the worst ,2024-04-14 08:00:31,0.95,822,63070,222,16210
Bro got the taste of his own medicine,2023-11-29 00:43:10,0.97,105,30985,360,16190
Being tired,2024-11-20 03:22:56,0.98,66,110133,2,16369
Work exactly like expected!,2023-12-07 13:06:11,0.97,341,0,0,16125
My Instacart Shopper is Jesus and his last name starts with an I‚Ä¶.,2023-12-24 16:39:35,0.93,308,25272,334,16148
"I came upon this scene in a National Park bathroom a few days ago. As of this morning, one can is gone. (US). ",2024-09-19 19:17:00,0.94,592,23725,64,16057
How taxes work,2024-05-18 20:15:05,0.94,209,48770,188,16043
Bro thought he over slept,2024-08-27 04:54:51,0.97,127,43801,87,16049
The mad dash,2024-11-02 05:56:33,0.95,261,136702,20,16035
The town I live in is a joke,2024-04-06 18:20:24,0.93,1011,18974,230,15991
Expert in everything,2024-04-15 02:23:03,0.83,973,1692087,221,15970
Sadness spending,2024-01-07 08:22:20,0.95,111,469293,320,15955
[OC] Breakfast in bed,2024-08-28 07:40:47,0.96,136,423032,86,15959
Toy Story 5,2024-10-23 08:55:57,0.98,192,5053,30,15929
caught in 4k,2024-01-24 10:30:26,0.97,375,0,0,15918
What or even where police department 101 is this???,2024-03-22 09:53:31,0.95,1726,28458,245,15913
Dude tripped,2024-06-19 09:44:47,0.85,492,178815,156,15870
Holy Smokes! He saw it!,2024-01-12 17:47:48,0.95,745,20246,315,15869
"I am very talkative in the mornings and my husband is not. I try to remember this, but one morning, I was talking and he put this comforter over his head. He said ‚Äúthis is Fort No Wife, when I‚Äôm in here, I need quiet‚Äù. Made me laugh so hard. Love this man. ",2024-09-25 20:59:09,0.92,307,271430,58,15861
Tesla model Musk,2023-11-28 06:13:31,0.95,147,169085,360,15853
Shower Time,2024-07-24 16:46:51,0.93,183,773974,121,15841
These cosplayers at DragonCon got a laugh from me.,2024-08-30 10:32:17,0.95,100,74211,84,15831
I knew I recognized Miley's attire last night,2024-02-05 14:58:40,0.9,1004,40442,291,15835
Seductive Luigi ü•µ,2024-07-27 02:19:44,0.95,328,12852,118,15821
My 93 y/o grandma trying weed for the first time,2024-05-13 09:14:57,0.87,897,0,0,15805
I didn't even know wiener dogs could move like this,2024-11-07 04:23:19,0.98,212,4822065,15,15787
Never knew Jesus was a Dr Pepper guy‚Ä¶. From a Piggly Wiggly grocery store in Mississippi.,2024-03-16 12:06:00,0.94,2059,112733,251,15764
My newborn is a judgy asshole. This is how he looks at me everyday.,2024-10-08 10:22:52,0.87,812,10717,45,15753
A friend forgot to change their document name when submitting it,2024-04-29 14:57:54,0.87,319,19472,207,15758
Reebok or Nike,2024-01-26 15:23:59,0.95,261,164949,301,15752
Based on a true story.... -_- [OC],2024-02-21 09:25:13,0.94,254,856393,275,15748
She's too drunk for the front row,2024-06-05 15:36:15,0.92,468,58427,170,15741
Who the Hell is JEFF?,2024-03-17 19:42:30,0.93,1452,63532,250,15741
Just a silly good boy,2024-10-18 10:49:06,0.98,69,1579649,35,15714
Why Sam Bankman Fried got caught,2023-12-06 14:57:31,0.91,589,43608,352,15635
Finish,2024-11-17 10:41:06,0.98,22,203028,5,15595
Letter from a concerned neighbor,2024-04-27 11:46:42,0.83,1334,13183,209,15575
Doctors at the beach,2024-10-09 05:01:15,0.95,86,429652,44,15576
High rent is nice,2024-08-13 09:48:11,0.93,251,96531,101,15552
"Kal Penn and Ryan Reynolds, thank you for this scene ü§£ (Van Wilder, 2002)",2024-04-26 17:04:22,0.92,423,145732,210,15535
Human Sloth,2024-10-26 16:28:51,0.93,1037,50962,27,15524
Soviet dad: eating techniques ,2024-06-28 14:01:41,0.86,739,70595,147,15502
I think most of us can relate.,2024-05-31 15:50:07,0.96,171,7908,175,15500
Cycling aerodynamics for the win,2024-10-25 22:49:00,0.97,36,278698,28,15507
Generic tech company art style woman devouring her son,2024-07-12 18:10:04,0.92,221,73137,133,15468
"I got my car back from the shop six weeks ago, and only just realized...",2024-01-09 10:39:16,0.96,526,7052,318,15466
Cat did a goofy aaa ‚ÄúTAKE COVERRRRR‚Äù jump ,2024-04-21 04:42:25,0.95,444,15584,215,15426
They didn't start the fire ,2024-09-28 09:55:53,0.96,298,1579651,55,15422
A very cartoonish interaction,2023-12-05 07:01:02,0.87,220,28313,353,15412
Miles save him..,2024-01-15 04:34:00,0.97,263,28574,312,15397
Guess they didn‚Äôt like their Tesla?,2024-03-11 15:32:57,0.83,1601,24340,256,15378
"""I thought this was what the humans do.""",2024-02-18 09:36:14,0.94,1046,0,278,15367
"Found an ""old"" photo of my friend having to guard an absolute unit of a player üíÄ",2024-04-27 05:39:58,0.95,408,5501,209,15362
Meanwhile in Uzbekistan,2024-03-10 11:34:02,0.95,589,626675,257,15344
Comfortable motorbike,2024-02-20 10:41:59,0.94,1485,9334,276,15315
Underrated tutorial,2024-08-30 11:34:10,0.97,222,0,84,15316
Just needs a gentle coaxing.,2024-04-12 05:43:47,0.93,688,26932,224,15288
John Cena Just Straight Up Walked at the Oscar's Stage 2024 Naked,2024-03-11 02:25:06,0.83,1465,37268,256,15251
Small talk gone wrong,2024-07-14 10:05:32,0.95,511,205405,131,15241
"I wrote this about my dad when I was 6, my parents will never let me live it down",2024-03-22 03:24:37,0.97,730,5874,245,15245
Bros before Hoes: The Movie,2024-08-19 17:36:04,0.85,363,57639,95,15229
"Asked DoorDash to ""knock on my door like the police serving a search warrant"" to scare my kids. DoorDash delivered. ",2024-02-15 11:51:40,0.92,441,17207,281,15220
This cutting board at the antique shop,2024-10-26 17:33:28,0.98,35,218281,27,15198
Memorial Day Rules,2024-05-27 14:13:11,0.93,123,114716,179,15172
Wanted to do a House of the Dragon couples costume for Halloween. This was the result. ,2024-11-01 03:58:49,0.92,428,26302,21,15176
Seen in hospital parking lot.,2023-11-28 07:48:14,0.89,1478,46150,360,15146
Legalize Asbestos And Don't Eat Vegables,2024-05-28 12:00:27,0.92,561,5677,178,15135
How to ruin a party with a carrot,2024-04-28 12:12:59,0.94,396,836250,208,15122
madlad,2024-08-26 12:37:18,0.94,219,5587,88,15126
Guess after party is sorted,2024-11-03 08:24:34,0.98,44,14516,19,15111
Where did he come from!? üòÇ,2024-09-30 22:26:39,0.97,343,7503,53,15047
"Yoder, hold on to your beard.",2023-12-20 16:36:37,0.97,179,20424,338,15036
So my girlfriend made me a cake for our first year anniversary.,2024-11-19 14:26:07,0.87,257,6220,3,15174
Op is not a good citizen ,2024-01-20 15:40:11,0.93,915,10899,307,15006
Irony,2024-07-19 07:13:09,0.97,284,47763,126,14982
Dudes are all the same,2024-10-22 19:30:12,0.92,203,7930,31,14957
"I was not ready for the ""Aaaaaaaahhh""",2024-02-25 09:16:50,0.87,840,0,271,14948
They had no chance,2024-06-08 09:18:10,0.96,232,5871272,167,14941
"Making ""honest"" family Christmas Cards...year 10.",2023-12-13 11:24:41,0.94,239,42138,345,14950
Brit on Fahrenheit,2024-05-13 14:55:29,0.88,625,60655,193,14948
I‚Äôm getting my mother binoculars ,2024-08-25 11:23:31,0.95,849,20000,89,14935
the best survival technique on the planet,2024-02-02 11:45:35,0.95,88,138762,294,14901
He got the toughest sentence possible,2023-12-10 10:51:51,0.92,167,228237,348,14892
I love NY,2024-05-06 22:51:45,0.92,276,72937,200,14901
"Welcome to Edgewood, BC",2024-05-04 20:32:02,0.94,683,40410,202,14845
Can't you just get in the f****ng net,2024-01-07 15:55:07,0.91,533,18001,320,14822
Visiting another city and saw these guys. Feels like they could help each other out.,2024-05-04 00:43:07,0.95,365,8635,203,14801
The hardest buttons to button,2024-01-07 20:53:55,0.91,254,136937,320,14769
The collective panic on their faces is hilarious ,2024-03-15 12:44:00,0.94,365,0,252,14764
pranking the driving instructor,2023-11-25 19:47:36,0.67,620,0,363,14766
Being a female protagonist in a 70s cartoon was rough,2023-11-24 19:01:06,0.92,677,0,364,14741
Ohhhhhhhhh,2024-04-10 10:13:44,0.92,464,546172,226,14743
A screensaver that lengthens to your break time,2024-05-20 18:40:22,0.98,164,80310,186,14742
What good friends are for,2024-09-11 10:46:11,0.97,188,4469,72,14730
He held it in very well,2024-02-21 00:24:44,0.96,359,539980,276,14726
Wi-Fi routers in Australia,2024-07-08 10:50:41,0.97,252,178815,137,14702
He gets so excited,2024-07-04 07:57:58,0.96,308,57069,141,14700
I thought she used camera filters all the time.,2024-01-05 02:03:58,0.91,484,113237,322,14688
We immigrated here,2023-12-04 11:06:05,0.94,115,173553,354,14680
"My brother-in-law had a bowel emergency near my house, let himself in, and left a message for my children.",2024-04-09 13:11:41,0.89,384,0,0,14671
Talking to the teacher like this is wild.,2024-05-25 07:22:56,0.9,377,441559,181,14660
There‚Äôs a receptionist living in my shed,2024-03-12 10:27:37,0.99,279,20539,255,14662
He was so incredulous he forgot to speak english,2024-06-10 05:51:22,0.93,431,463240,165,14631
How the british season their food.,2024-09-19 17:25:25,0.77,1448,5487,64,14634
Total random voicemail gets better and better,2023-11-26 10:26:03,0.94,282,7749,362,14624
"Cillian Murphy reacts to Matt Damon ""insulting him""",2024-03-30 02:52:31,0.9,438,239348,237,14611
Drop your spell,2024-10-31 11:31:29,0.93,100,46525,22,14614
Circumcision Decision,2024-07-16 13:51:03,0.78,77,46013,129,14611
3rd Grade Proverbs,2024-09-15 13:59:07,0.97,744,10681,68,14603
He should've seen it coming.,2024-09-14 13:03:20,0.98,163,113278,69,14591
All gone,2024-07-02 11:01:41,0.96,489,141753,143,14527
Guy photo bombed my photo I was taking of the CN tower ,2024-03-09 07:01:57,0.88,462,9040,258,14512
Haircutting guide from the '70's,2024-04-16 19:10:10,0.93,1080,246174,220,14492
Someone left a note saying they're sorry they hit my car but there's no dents or scratch anywhere at all... ,2024-06-16 16:22:29,0.95,778,15025,159,14493
Beware,2024-06-13 09:42:20,0.93,389,39600,162,14484
This ‚§µÔ∏è,2024-11-07 16:28:41,0.94,168,6867,15,14473
Rough day,2024-11-11 14:46:54,0.98,37,69380,11,14477
Why I'm vegetarian not vegan,2023-12-20 10:38:16,0.87,998,22170,338,14445
This will be a fun toy to own,2024-11-11 11:35:05,0.94,181,56516,11,14434
Bro can't bear being apart from me while I poop,2024-05-18 01:55:19,0.97,130,5050,188,14418
My genius neighbor.,2024-07-09 17:15:22,0.93,966,7122,136,14410
Found at the Cartoon Museum in London,2024-02-22 06:05:08,0.99,501,4802,274,14387
The sandwich disassembled itself layer by layer LOL,2024-03-31 16:23:50,0.96,310,292687,236,14305
I'm sorry for following to closely in front of you,2024-11-06 17:24:13,0.98,86,71420,16,14299
Netherlands coach Koeman had a mid game snack,2024-06-17 02:56:49,0.88,687,35083,158,14263
Don't miss that workout.,2024-05-10 18:14:58,0.9,210,63010,196,14243
Gave an assist to himself ,2024-01-03 07:26:59,0.94,369,0,324,14250
Go to your nearest witchdoctor instead ,2024-10-21 05:25:17,0.96,222,28833,32,14240
The thief has to think twice before stealing.,2024-11-17 14:18:26,0.96,187,8218,5,14190
Landlords,2024-02-11 09:26:10,0.85,699,510149,285,14189
Universal Rotten Tomato Scale,2024-06-25 01:07:49,0.88,1271,17302,151,14176
You've been engaged for 20 years?,2023-12-01 11:05:43,0.92,414,173553,357,14160
My mother got this for my daughter(5) from the donations room at her work. She had no idea,2024-05-29 22:03:17,0.95,239,11507,177,14155
This ad where I live ,2024-10-13 12:52:11,0.97,167,19514,40,14151
The perfect shot,2024-09-21 14:44:43,0.97,69,1579669,62,14124
The cat is not looking to play peekaboo,2023-11-26 20:52:20,0.97,167,1692088,362,14122
He had the whole cruise ship laughing at him,2024-09-11 20:27:57,0.89,687,73894,72,14091
Remember Y2K?,2023-12-30 14:39:15,0.92,861,0,0,14055
Damn.....illuminati??,2023-12-13 01:49:08,0.95,364,0,0,13976
Pass the jelly,2024-08-26 10:54:14,0.82,855,335578,88,13976
Trick or treat‚Ä¶,2024-10-14 23:18:32,0.98,92,15912,39,13959
That's a fair offer ü•≤,2024-05-06 10:22:23,0.94,341,70433,200,13953
Girl hookup recaps are WILD,2023-12-01 13:15:07,0.86,561,214313,357,13897
My first video ,2023-12-28 08:35:17,0.94,145,1864,330,13891
Can someone translate what he said?,2023-11-25 06:20:36,0.93,484,277172,363,13869
The Real Pirates of Manhattan,2024-06-22 19:08:28,0.83,1011,185462,153,13837
Tooth in the table,2024-09-02 01:27:37,0.9,525,41730,81,13833
We ordered my 12 y/o daughter a Taylor Swift flag for Christmas:,2023-12-25 08:59:07,0.93,512,6371,333,13833
Rust is a quality game,2024-01-10 23:17:02,0.96,226,12463,317,13825
They should put a warning sign on that door,2024-08-08 20:52:07,0.95,327,1692088,106,13808
[OC] Giant pair of tentacles,2024-10-09 15:29:03,0.98,66,423032,44,13801
He saved his life,2024-05-10 02:06:52,0.95,355,0,196,13795
"""Riddle Me This""",2024-05-08 18:06:30,0.83,298,476589,198,13781
Using VR to try cure my fear of heights ...,2024-10-17 04:13:18,0.96,332,4949,36,13768
Nicked gun scene ‚Ä¶(From Beijing with love 1994),2024-02-10 10:11:07,0.98,95,539980,286,13762
My boss takes his vacation very seriously,2024-07-09 16:25:18,0.95,218,5823,136,13757
Conspiracy Theory,2024-01-24 13:32:58,0.96,180,774301,303,13744
This ad about Summer in the Philippines,2024-04-04 05:04:23,0.97,292,5542,232,13735
Hell no,2024-06-21 09:52:06,0.96,219,26688,154,13715
My parents cat got hurt so my dad made him some steps for his litter box ,2024-04-25 18:19:57,0.97,170,11529,211,13712
He didn't unlock that area yet,2024-08-07 02:11:56,0.97,158,41311,107,13661
My wife didn't notice the addition to her list.,2024-05-09 08:19:01,0.82,483,20911,197,13646
I couldn‚Äôt bring myself to eat him. Too sad. ,2024-02-22 22:14:39,0.96,360,10299,274,13626
Rage against the Mother,2024-06-05 16:04:38,0.95,235,455586,170,13622
Let me do it for you!,2024-10-23 00:35:58,0.93,231,46182,31,13612
A barrier recently installed near my office to prevent left turn. It was effective. üòÅ,2024-05-24 01:51:48,0.96,512,13125,182,13593
The perfect cookie,2024-09-26 14:35:26,0.93,201,4827,57,13565
The men of Victoria's Secret,2024-01-17 13:48:10,0.92,388,615476,310,13559
My gf found this on Wal-Mart's website while looking for a new shower head...,2024-11-10 12:52:45,0.96,933,4893,12,13562
What the hell did we do...,2023-12-25 07:06:32,0.94,1196,31535,333,13560
Irish guy gets welcomed to Canada,2024-01-22 17:47:29,0.93,565,63346,305,13548
My Battery is hauling A$$,2024-11-08 21:20:23,0.99,101,5902,14,13551
